slug,product,brand,store,price_aud,matched_url,availability,match_type,checked_at
coleman-instant-up-8p-gold-tent,Coleman Instant Up 8P Gold Tent,Coleman,eBay AU,,,,,
coleman-instant-up-8p-gold-tent,Coleman Instant Up 8P Gold Tent,Coleman,Amazon AU,,,,,
coleman-instant-up-8p-gold-tent,Coleman Instant Up 8P Gold Tent,Coleman,BCF,,,,,2026-08-19T16:46:32Z
coleman-instant-up-8p-gold-tent,Coleman Instant Up 8P Gold Tent,Coleman,Anaconda,,,,not_exact_model,2026-08-20T22:20:00Z
coleman-instant-up-8p-gold-tent,Coleman Instant Up 8P Gold Tent,Coleman,Snowys,,https://www.snowys.com.au/instant-up-gold-8,out_of_stock,exact_pdp_out_of_stock,2026-08-20T22:20:00Z
coleman-instant-up-8p-gold-tent,Coleman Instant Up 8P Gold Tent,Coleman,Tentworld,,,,,2026-08-19T19:19:25Z
coleman-instant-up-8p-gold-tent,Coleman Instant Up 8P Gold Tent,Coleman,Wild Earth,,,,,2026-08-19T21:01:17Z
oztrail-bungalow-9-family-dome-tent,OZtrail Bungalow 9 Family Dome Tent,OZtrail,eBay AU,,,,,
oztrail-bungalow-9-family-dome-tent,OZtrail Bungalow 9 Family Dome Tent,OZtrail,Amazon AU,,,,,
oztrail-bungalow-9-family-dome-tent,OZtrail Bungalow 9 Family Dome Tent,OZtrail,BCF,,,,,2026-08-19T16:46:32Z
oztrail-bungalow-9-family-dome-tent,OZtrail Bungalow 9 Family Dome Tent,OZtrail,Anaconda,,,,,2026-08-11T22:05:13Z
oztrail-bungalow-9-family-dome-tent,OZtrail Bungalow 9 Family Dome Tent,OZtrail,Snowys,,,,,2026-08-19T15:49:09Z
oztrail-bungalow-9-family-dome-tent,OZtrail Bungalow 9 Family Dome Tent,OZtrail,Tentworld,,,,,2026-08-19T19:19:25Z
oztrail-bungalow-9-family-dome-tent,OZtrail Bungalow 9 Family Dome Tent,OZtrail,Wild Earth,,,,,2026-08-19T21:01:17Z
oztrail-hightower-9-loft-tent,OZtrail Hightower 9 Loft Tent,OZtrail,eBay AU,,,,,
oztrail-hightower-9-loft-tent,OZtrail Hightower 9 Loft Tent,OZtrail,Amazon AU,,,,,
oztrail-hightower-9-loft-tent,OZtrail Hightower 9 Loft Tent,OZtrail,BCF,,,,,2026-08-19T16:46:32Z
oztrail-hightower-9-loft-tent,OZtrail Hightower 9 Loft Tent,OZtrail,Anaconda,,,,,2026-08-11T22:05:13Z
oztrail-hightower-9-loft-tent,OZtrail Hightower 9 Loft Tent,OZtrail,Snowys,,,,,2026-08-19T15:49:09Z
oztrail-hightower-9-loft-tent,OZtrail Hightower 9 Loft Tent,OZtrail,Tentworld,,,,,2026-08-19T19:19:25Z
oztrail-hightower-9-loft-tent,OZtrail Hightower 9 Loft Tent,OZtrail,Wild Earth,,,,,2026-08-19T21:01:17Z
blackwolf-turbo-300-tent,Blackwolf Turbo 300 Tent,Blackwolf,eBay AU,,,,,
blackwolf-turbo-300-tent,Blackwolf Turbo 300 Tent,Blackwolf,Amazon AU,,,,,
blackwolf-turbo-300-tent,Blackwolf Turbo 300 Tent,Blackwolf,BCF,,,,,2026-08-19T16:46:32Z
blackwolf-turbo-300-tent,Blackwolf Turbo 300 Tent,Blackwolf,Anaconda,,,,,2026-08-11T22:05:13Z
blackwolf-turbo-300-tent,Blackwolf Turbo 300 Tent,Blackwolf,Snowys,1349.99,https://www.snowys.com.au/turbo-tent-300,,,2026-08-19T15:47:10Z
blackwolf-turbo-300-tent,Blackwolf Turbo 300 Tent,Blackwolf,Tentworld,,,,,2026-08-19T19:19:25Z
blackwolf-turbo-300-tent,Blackwolf Turbo 300 Tent,Blackwolf,Wild Earth,,,,,2026-08-19T21:01:17Z
blackwolf-turbo-lite-200-tent,Blackwolf Turbo Lite 200 Tent,Blackwolf,eBay AU,,,,,
blackwolf-turbo-lite-200-tent,Blackwolf Turbo Lite 200 Tent,Blackwolf,Amazon AU,,,,,
blackwolf-turbo-lite-200-tent,Blackwolf Turbo Lite 200 Tent,Blackwolf,BCF,,,,,2026-08-19T16:46:32Z
blackwolf-turbo-lite-200-tent,Blackwolf Turbo Lite 200 Tent,Blackwolf,Anaconda,,,,,2026-08-11T22:05:13Z
blackwolf-turbo-lite-200-tent,Blackwolf Turbo Lite 200 Tent,Blackwolf,Snowys,,,,,2026-08-19T15:49:09Z
blackwolf-turbo-lite-200-tent,Blackwolf Turbo Lite 200 Tent,Blackwolf,Tentworld,,,,,2026-08-19T19:19:25Z
blackwolf-turbo-lite-200-tent,Blackwolf Turbo Lite 200 Tent,Blackwolf,Wild Earth,,,,,2026-08-19T21:01:17Z
hilleberg-nallo-2-gt-tent,Hilleberg Nallo 2 GT Tent,Hilleberg,eBay AU,,,,,
hilleberg-nallo-2-gt-tent,Hilleberg Nallo 2 GT Tent,Hilleberg,Amazon AU,,,,,
hilleberg-nallo-2-gt-tent,Hilleberg Nallo 2 GT Tent,Hilleberg,BCF,,,,,2026-08-19T16:46:32Z
hilleberg-nallo-2-gt-tent,Hilleberg Nallo 2 GT Tent,Hilleberg,Anaconda,,,,,2026-08-11T22:05:13Z
hilleberg-nallo-2-gt-tent,Hilleberg Nallo 2 GT Tent,Hilleberg,Snowys,,,,,2026-08-19T15:49:09Z
hilleberg-nallo-2-gt-tent,Hilleberg Nallo 2 GT Tent,Hilleberg,Tentworld,,,,,2026-08-19T19:19:25Z
hilleberg-nallo-2-gt-tent,Hilleberg Nallo 2 GT Tent,Hilleberg,Wild Earth,1899.95,https://www.wildearth.com.au/buy/hilleberg-nallo-2-gt-2-person-4-season-mountaineer/13511,,,2026-08-11T22:05:13Z
msr-hubba-hubba-2-tent,MSR Hubba Hubba 2 Tent,MSR,eBay AU,,,,,
msr-hubba-hubba-2-tent,MSR Hubba Hubba 2 Tent,MSR,Amazon AU,,,,,
msr-hubba-hubba-2-tent,MSR Hubba Hubba 2 Tent,MSR,BCF,,,,,2026-08-19T16:46:32Z
msr-hubba-hubba-2-tent,MSR Hubba Hubba 2 Tent,MSR,Anaconda,,,,,2026-08-11T22:05:13Z
msr-hubba-hubba-2-tent,MSR Hubba Hubba 2 Tent,MSR,Snowys,,,,,2026-08-19T15:49:09Z
msr-hubba-hubba-2-tent,MSR Hubba Hubba 2 Tent,MSR,Tentworld,,,,,2026-08-19T19:19:25Z
msr-hubba-hubba-2-tent,MSR Hubba Hubba 2 Tent,MSR,Wild Earth,,,,,2026-08-19T21:01:17Z
sea-to-summit-telos-tr2-tent,Sea to Summit Telos TR2 Tent,Sea to Summit,eBay AU,,,,,
sea-to-summit-telos-tr2-tent,Sea to Summit Telos TR2 Tent,Sea to Summit,Amazon AU,,,,,
sea-to-summit-telos-tr2-tent,Sea to Summit Telos TR2 Tent,Sea to Summit,BCF,,,,,2026-08-19T16:46:32Z
sea-to-summit-telos-tr2-tent,Sea to Summit Telos TR2 Tent,Sea to Summit,Anaconda,,,,,2026-08-11T22:05:13Z
sea-to-summit-telos-tr2-tent,Sea to Summit Telos TR2 Tent,Sea to Summit,Snowys,29.0,https://www.snowys.com.au/telos-tr2-tent-gear-loft,,,2026-08-19T15:49:09Z
sea-to-summit-telos-tr2-tent,Sea to Summit Telos TR2 Tent,Sea to Summit,Tentworld,,,,,2026-08-19T19:19:25Z
sea-to-summit-telos-tr2-tent,Sea to Summit Telos TR2 Tent,Sea to Summit,Wild Earth,,,,,2026-08-19T21:01:17Z
vango-blade-200-tent,Vango Blade 200 Tent,Vango,eBay AU,,,,,
vango-blade-200-tent,Vango Blade 200 Tent,Vango,Amazon AU,,,,,
vango-blade-200-tent,Vango Blade 200 Tent,Vango,BCF,,,,,2026-08-19T16:46:32Z
vango-blade-200-tent,Vango Blade 200 Tent,Vango,Anaconda,,,,,2026-08-11T22:05:13Z
vango-blade-200-tent,Vango Blade 200 Tent,Vango,Snowys,,,,,2026-08-19T15:49:09Z
vango-blade-200-tent,Vango Blade 200 Tent,Vango,Tentworld,,,,,2026-08-19T19:19:25Z
vango-blade-200-tent,Vango Blade 200 Tent,Vango,Wild Earth,,,,,2026-08-19T21:01:17Z
darche-kozi-9-family-dome-tent,Darche Kozi 9 Family Dome Tent,Darche,eBay AU,,,,,
darche-kozi-9-family-dome-tent,Darche Kozi 9 Family Dome Tent,Darche,Amazon AU,,,,,
darche-kozi-9-family-dome-tent,Darche Kozi 9 Family Dome Tent,Darche,BCF,,,,,2026-08-19T16:46:32Z
darche-kozi-9-family-dome-tent,Darche Kozi 9 Family Dome Tent,Darche,Anaconda,,,,,2026-08-11T22:05:13Z
darche-kozi-9-family-dome-tent,Darche Kozi 9 Family Dome Tent,Darche,Snowys,,,,,2026-08-19T15:49:09Z
darche-kozi-9-family-dome-tent,Darche Kozi 9 Family Dome Tent,Darche,Tentworld,,,,,2026-08-19T19:19:25Z
darche-kozi-9-family-dome-tent,Darche Kozi 9 Family Dome Tent,Darche,Wild Earth,,,,,2026-08-19T21:01:17Z
anaconda-getaway-4p-tent,Anaconda Getaway 4P Tent,Anaconda,eBay AU,,,,,
anaconda-getaway-4p-tent,Anaconda Getaway 4P Tent,Anaconda,Amazon AU,,,,,
anaconda-getaway-4p-tent,Anaconda Getaway 4P Tent,Anaconda,BCF,,,,,2026-08-19T16:46:32Z
anaconda-getaway-4p-tent,Anaconda Getaway 4P Tent,Anaconda,Anaconda,,,,,2026-08-11T22:05:13Z
anaconda-getaway-4p-tent,Anaconda Getaway 4P Tent,Anaconda,Snowys,,,,,2026-08-19T15:49:09Z
anaconda-getaway-4p-tent,Anaconda Getaway 4P Tent,Anaconda,Tentworld,,,,,2026-08-19T19:19:25Z
anaconda-getaway-4p-tent,Anaconda Getaway 4P Tent,Anaconda,Wild Earth,,,,,2026-08-19T21:01:17Z
primus-aisen-3-tent,Primus Aisen 3 Tent,Primus,eBay AU,,,,,
primus-aisen-3-tent,Primus Aisen 3 Tent,Primus,Amazon AU,,,,,
primus-aisen-3-tent,Primus Aisen 3 Tent,Primus,BCF,,,,,2026-08-19T16:46:32Z
primus-aisen-3-tent,Primus Aisen 3 Tent,Primus,Anaconda,,,,,2026-08-11T22:05:13Z
primus-aisen-3-tent,Primus Aisen 3 Tent,Primus,Snowys,,,,,2026-08-19T15:49:09Z
primus-aisen-3-tent,Primus Aisen 3 Tent,Primus,Tentworld,,,,,2026-08-19T19:19:25Z
primus-aisen-3-tent,Primus Aisen 3 Tent,Primus,Wild Earth,,,,,2026-08-19T21:01:17Z
naturehike-cloud-up-2-tent,Naturehike Cloud-Up 2 Tent,Naturehike,eBay AU,,,,,
naturehike-cloud-up-2-tent,Naturehike Cloud-Up 2 Tent,Naturehike,Amazon AU,,,,,
naturehike-cloud-up-2-tent,Naturehike Cloud-Up 2 Tent,Naturehike,BCF,,,,,2026-08-19T16:46:32Z
naturehike-cloud-up-2-tent,Naturehike Cloud-Up 2 Tent,Naturehike,Anaconda,,,,,2026-08-12T22:01:53Z
naturehike-cloud-up-2-tent,Naturehike Cloud-Up 2 Tent,Naturehike,Snowys,269.9,https://www.snowys.com.au/cloud-up-2-person-lightweight-backpacking-tent-light-greyred-mat,,,2026-07-31T00:07:52Z
naturehike-cloud-up-2-tent,Naturehike Cloud-Up 2 Tent,Naturehike,Tentworld,,,,,2026-08-19T19:19:25Z
naturehike-cloud-up-2-tent,Naturehike Cloud-Up 2 Tent,Naturehike,Wild Earth,,,,,2026-08-19T21:01:17Z
teton-sports-mountain-ultra-tent,Teton Sports Mountain Ultra Tent,Teton Sports,eBay AU,,,,,
teton-sports-mountain-ultra-tent,Teton Sports Mountain Ultra Tent,Teton Sports,Amazon AU,,,,,
teton-sports-mountain-ultra-tent,Teton Sports Mountain Ultra Tent,Teton Sports,BCF,,,,,2026-08-19T16:46:32Z
teton-sports-mountain-ultra-tent,Teton Sports Mountain Ultra Tent,Teton Sports,Anaconda,,,,,2026-08-12T22:01:53Z
teton-sports-mountain-ultra-tent,Teton Sports Mountain Ultra Tent,Teton Sports,Snowys,,,,,2026-08-19T15:49:09Z
teton-sports-mountain-ultra-tent,Teton Sports Mountain Ultra Tent,Teton Sports,Tentworld,,,,,2026-08-19T19:19:25Z
teton-sports-mountain-ultra-tent,Teton Sports Mountain Ultra Tent,Teton Sports,Wild Earth,,,,,2026-08-19T21:01:17Z
oztrail-fast-frame-lumos-10-person-tent,OZtrail Fast Frame Lumos 10 Person Tent,OZtrail,Amazon AU,,,,,
oztrail-fast-frame-lumos-10-person-tent,OZtrail Fast Frame Lumos 10 Person Tent,OZtrail,eBay AU,,,,,
oztrail-fast-frame-lumos-10-person-tent,OZtrail Fast Frame Lumos 10 Person Tent,OZtrail,BCF,,,,,2026-08-19T16:46:32Z
oztrail-fast-frame-lumos-10-person-tent,OZtrail Fast Frame Lumos 10 Person Tent,OZtrail,Anaconda,,,,,2026-08-13T21:58:56Z
coleman-skydome-4-person-tent,Coleman Skydome 4 Person Tent,Coleman,Amazon AU,,,,,
coleman-skydome-4-person-tent,Coleman Skydome 4 Person Tent,Coleman,eBay AU,,,,,
coleman-skydome-4-person-tent,Coleman Skydome 4 Person Tent,Coleman,BCF,,,,,2026-08-19T16:46:32Z
coleman-skydome-4-person-tent,Coleman Skydome 4 Person Tent,Coleman,Anaconda,,,,,2026-08-13T21:58:56Z
sea-to-summit-telos-tr3-tent,Sea to Summit Telos TR3 Tent,Sea to Summit,Amazon AU,,,,,
sea-to-summit-telos-tr3-tent,Sea to Summit Telos TR3 Tent,Sea to Summit,eBay AU,,,,,
sea-to-summit-telos-tr3-tent,Sea to Summit Telos TR3 Tent,Sea to Summit,BCF,,,,,2026-08-19T16:46:32Z
sea-to-summit-telos-tr3-tent,Sea to Summit Telos TR3 Tent,Sea to Summit,Anaconda,,,,,2026-08-13T21:58:56Z
snowys-tourer-4-person-canvas-tent,Snowys Tourer 4 Person Canvas Tent,Snowys,Amazon AU,,,,,
snowys-tourer-4-person-canvas-tent,Snowys Tourer 4 Person Canvas Tent,Snowys,eBay AU,,,,,
snowys-tourer-4-person-canvas-tent,Snowys Tourer 4 Person Canvas Tent,Snowys,BCF,,,,,2026-08-19T16:46:32Z
snowys-tourer-4-person-canvas-tent,Snowys Tourer 4 Person Canvas Tent,Snowys,Anaconda,,,,,2026-08-13T21:58:56Z
blackwolf-turbo-lite-plus-300-tent,BlackWolf Turbo Lite Plus 300 Tent,BlackWolf,Amazon AU,,,,,
blackwolf-turbo-lite-plus-300-tent,BlackWolf Turbo Lite Plus 300 Tent,BlackWolf,eBay AU,,,,,
blackwolf-turbo-lite-plus-300-tent,BlackWolf Turbo Lite Plus 300 Tent,BlackWolf,BCF,,,,,2026-08-19T16:46:32Z
blackwolf-turbo-lite-plus-300-tent,BlackWolf Turbo Lite Plus 300 Tent,BlackWolf,Anaconda,,,,,2026-08-13T21:58:56Z
coleman-instant-up-6p-lighted-northstar-darkroom-tent,Coleman Instant Up 6P Lighted Northstar DarkRoom Tent,Coleman,Amazon AU,,,,,
coleman-instant-up-6p-lighted-northstar-darkroom-tent,Coleman Instant Up 6P Lighted Northstar DarkRoom Tent,Coleman,eBay AU,,,,,
coleman-instant-up-6p-lighted-northstar-darkroom-tent,Coleman Instant Up 6P Lighted Northstar DarkRoom Tent,Coleman,BCF,,,,,2026-08-19T16:46:32Z
coleman-instant-up-6p-lighted-northstar-darkroom-tent,Coleman Instant Up 6P Lighted Northstar DarkRoom Tent,Coleman,Anaconda,,,,,2026-08-13T21:58:56Z
darche-dusk-to-dawn-1400-swag,Darche Dusk to Dawn 1400 Swag,Darche,Amazon AU,,,,,
darche-dusk-to-dawn-1400-swag,Darche Dusk to Dawn 1400 Swag,Darche,eBay AU,,,,,
darche-dusk-to-dawn-1400-swag,Darche Dusk to Dawn 1400 Swag,Darche,BCF,,,,,2026-08-19T16:46:32Z
darche-dusk-to-dawn-1400-swag,Darche Dusk to Dawn 1400 Swag,Darche,Anaconda,,,,,2026-08-13T21:58:56Z
zempire-aero-txl-pro-air-tent,Zempire Aero TXL Pro Air Tent,Zempire,Amazon AU,,,,,
zempire-aero-txl-pro-air-tent,Zempire Aero TXL Pro Air Tent,Zempire,eBay AU,,,,,
zempire-aero-txl-pro-air-tent,Zempire Aero TXL Pro Air Tent,Zempire,BCF,,,,,2026-08-19T16:46:32Z
zempire-aero-txl-pro-air-tent,Zempire Aero TXL Pro Air Tent,Zempire,Anaconda,,,,,2026-08-13T21:58:56Z
coleman-instant-up-swagger-1-3-person-tent,"Instant up Swagger 1, 3 Person Tent",Coleman,eBay AU,,,,,
coleman-instant-up-swagger-1-3-person-tent,"Instant up Swagger 1, 3 Person Tent",Coleman,Amazon AU,,,,,
coleman-instant-up-swagger-1-3-person-tent,"Instant up Swagger 1, 3 Person Tent",Coleman,BCF,,,,,2026-08-19T16:46:32Z
coleman-instant-up-swagger-1-3-person-tent,"Instant up Swagger 1, 3 Person Tent",Coleman,Anaconda,,,,,2026-08-13T21:58:56Z
coleman-instant-up-swagger-1-3-person-tent,"Instant up Swagger 1, 3 Person Tent",Coleman,Snowys,,,,,2026-08-19T15:49:09Z
coleman-instant-up-swagger-1-3-person-tent,"Instant up Swagger 1, 3 Person Tent",Coleman,Tentworld,,,,,2026-08-19T19:19:25Z
coleman-instant-up-swagger-1-3-person-tent,"Instant up Swagger 1, 3 Person Tent",Coleman,Wild Earth,,,,,2026-08-19T21:01:17Z
coleman-instant-up-swagger-1-3-person-tent-2,"Instant up Swagger 1, 3 Person Tent",Coleman,eBay AU,,,,,
coleman-instant-up-swagger-1-3-person-tent-2,"Instant up Swagger 1, 3 Person Tent",Coleman,Amazon AU,,,,,
coleman-instant-up-swagger-1-3-person-tent-2,"Instant up Swagger 1, 3 Person Tent",Coleman,BCF,,,,,2026-08-19T16:46:32Z
coleman-instant-up-swagger-1-3-person-tent-2,"Instant up Swagger 1, 3 Person Tent",Coleman,Anaconda,,,,,2026-08-13T21:58:56Z
coleman-instant-up-swagger-1-3-person-tent-2,"Instant up Swagger 1, 3 Person Tent",Coleman,Snowys,,,,,2026-08-19T15:49:09Z
coleman-instant-up-swagger-1-3-person-tent-2,"Instant up Swagger 1, 3 Person Tent",Coleman,Tentworld,223.99,https://www.tentworld.com.au/buy-sale/coleman-3-person-swagger-instant-up-tent,,,2026-08-19T00:15:09Z
coleman-instant-up-swagger-1-3-person-tent-2,"Instant up Swagger 1, 3 Person Tent",Coleman,Wild Earth,,,,,2026-08-19T21:01:17Z
coleman-instant-up-swagger-1-3-person-tent-3,"Instant up Swagger 1, 3 Person Tent",Coleman,eBay AU,,,,,
coleman-instant-up-swagger-1-3-person-tent-3,"Instant up Swagger 1, 3 Person Tent",Coleman,Amazon AU,,,,,
coleman-instant-up-swagger-1-3-person-tent-3,"Instant up Swagger 1, 3 Person Tent",Coleman,BCF,,,,,2026-08-19T16:46:32Z
coleman-instant-up-swagger-1-3-person-tent-3,"Instant up Swagger 1, 3 Person Tent",Coleman,Anaconda,,,,,2026-08-13T21:58:56Z
coleman-instant-up-swagger-1-3-person-tent-3,"Instant up Swagger 1, 3 Person Tent",Coleman,Snowys,,,,,2026-08-19T15:49:09Z
coleman-instant-up-swagger-1-3-person-tent-3,"Instant up Swagger 1, 3 Person Tent",Coleman,Tentworld,223.99,https://www.tentworld.com.au/buy-sale/coleman-3-person-swagger-instant-up-tent,,,2026-08-13T21:58:56Z
coleman-instant-up-swagger-1-3-person-tent-3,"Instant up Swagger 1, 3 Person Tent",Coleman,Wild Earth,,,,,2026-08-19T21:01:17Z
coleman-instant-up-swagger-1-3-person-tent-4,"Instant up Swagger 1, 3 Person Tent",Coleman,eBay AU,,,,,
coleman-instant-up-swagger-1-3-person-tent-4,"Instant up Swagger 1, 3 Person Tent",Coleman,Amazon AU,,,,,
coleman-instant-up-swagger-1-3-person-tent-4,"Instant up Swagger 1, 3 Person Tent",Coleman,BCF,,,,,2026-08-19T16:46:32Z
coleman-instant-up-swagger-1-3-person-tent-4,"Instant up Swagger 1, 3 Person Tent",Coleman,Anaconda,,,,,2026-08-13T21:58:56Z
coleman-instant-up-swagger-1-3-person-tent-4,"Instant up Swagger 1, 3 Person Tent",Coleman,Snowys,,,,,2026-08-19T15:49:09Z
coleman-instant-up-swagger-1-3-person-tent-4,"Instant up Swagger 1, 3 Person Tent",Coleman,Tentworld,223.99,https://www.tentworld.com.au/buy-sale/coleman-3-person-swagger-instant-up-tent,,,2026-08-19T00:15:09Z
coleman-instant-up-swagger-1-3-person-tent-4,"Instant up Swagger 1, 3 Person Tent",Coleman,Wild Earth,,,,,2026-08-19T21:01:17Z
blackwolf-blackwolf-mantis-2-tent-ultralight,Blackwolf Mantis 2 Tent,Blackwolf,eBay AU,,,,,
blackwolf-blackwolf-mantis-2-tent-ultralight,Blackwolf Mantis 2 Tent,Blackwolf,Amazon AU,,,,,
blackwolf-blackwolf-mantis-2-tent-ultralight,Blackwolf Mantis 2 Tent,Blackwolf,BCF,,,,,2026-08-19T16:46:32Z
blackwolf-blackwolf-mantis-2-tent-ultralight,Blackwolf Mantis 2 Tent,Blackwolf,Anaconda,,,,,2026-08-13T21:58:56Z
blackwolf-blackwolf-mantis-2-tent-ultralight,Blackwolf Mantis 2 Tent,Blackwolf,Snowys,399.9,https://www.snowys.com.au/mantis-ultralight-2-hiking-tent-orange,,,2026-08-03T15:01:28Z
blackwolf-blackwolf-mantis-2-tent-ultralight,Blackwolf Mantis 2 Tent,Blackwolf,Tentworld,337.49,https://www.tentworld.com.au/buy-sale/blackwolf-mantis-2-ul-ultralight-hiking-tent-orange,,,2026-08-19T00:15:09Z
blackwolf-blackwolf-mantis-2-tent-ultralight,Blackwolf Mantis 2 Tent,Blackwolf,Wild Earth,,,,,2026-08-19T21:01:17Z
blackwolf-blackwolf-mantis-ultralight-1-hiking-tent,Blackwolf Mantis Ultralight 1 Hiking Tent,Blackwolf,eBay AU,,,,,
blackwolf-blackwolf-mantis-ultralight-1-hiking-tent,Blackwolf Mantis Ultralight 1 Hiking Tent,Blackwolf,Amazon AU,,,,,
blackwolf-blackwolf-mantis-ultralight-1-hiking-tent,Blackwolf Mantis Ultralight 1 Hiking Tent,Blackwolf,BCF,,,,,2026-08-19T16:46:32Z
blackwolf-blackwolf-mantis-ultralight-1-hiking-tent,Blackwolf Mantis Ultralight 1 Hiking Tent,Blackwolf,Anaconda,,,,,2026-08-13T21:58:56Z
blackwolf-blackwolf-mantis-ultralight-1-hiking-tent,Blackwolf Mantis Ultralight 1 Hiking Tent,Blackwolf,Snowys,319.9,https://www.snowys.com.au/mantis-ultralight-1-hiking-tent?c=Orange,,,2026-08-03T15:01:28Z
blackwolf-blackwolf-mantis-ultralight-1-hiking-tent,Blackwolf Mantis Ultralight 1 Hiking Tent,Blackwolf,Tentworld,,,,,2026-08-19T19:19:25Z
blackwolf-blackwolf-mantis-ultralight-1-hiking-tent,Blackwolf Mantis Ultralight 1 Hiking Tent,Blackwolf,Wild Earth,,,,,2026-08-19T21:01:17Z
blackwolf-blackwolf-grasshopper-ul-2-hiking-tent,Blackwolf Grasshopper UL 2 Hiking Tent,Blackwolf,eBay AU,,,,,
blackwolf-blackwolf-grasshopper-ul-2-hiking-tent,Blackwolf Grasshopper UL 2 Hiking Tent,Blackwolf,Amazon AU,,,,,
blackwolf-blackwolf-grasshopper-ul-2-hiking-tent,Blackwolf Grasshopper UL 2 Hiking Tent,Blackwolf,BCF,,,,,2026-08-19T16:46:32Z
blackwolf-blackwolf-grasshopper-ul-2-hiking-tent,Blackwolf Grasshopper UL 2 Hiking Tent,Blackwolf,Anaconda,,,,,2026-08-13T21:58:56Z
blackwolf-blackwolf-grasshopper-ul-2-hiking-tent,Blackwolf Grasshopper UL 2 Hiking Tent,Blackwolf,Snowys,,,,,2026-08-19T15:49:09Z
blackwolf-blackwolf-grasshopper-ul-2-hiking-tent,Blackwolf Grasshopper UL 2 Hiking Tent,Blackwolf,Tentworld,,,,,2026-08-19T19:19:25Z
blackwolf-blackwolf-grasshopper-ul-2-hiking-tent,Blackwolf Grasshopper UL 2 Hiking Tent,Blackwolf,Wild Earth,,,,,2026-08-19T21:01:17Z
blackwolf-blackwolf-cicada-hiking-tent,Blackwolf Cicada Hiking Tent,Blackwolf,eBay AU,,,,,
blackwolf-blackwolf-cicada-hiking-tent,Blackwolf Cicada Hiking Tent,Blackwolf,Amazon AU,,,,,
blackwolf-blackwolf-cicada-hiking-tent,Blackwolf Cicada Hiking Tent,Blackwolf,BCF,,,,,2026-08-19T16:46:32Z
blackwolf-blackwolf-cicada-hiking-tent,Blackwolf Cicada Hiking Tent,Blackwolf,Anaconda,,,,,2026-08-13T21:58:56Z
blackwolf-blackwolf-cicada-hiking-tent,Blackwolf Cicada Hiking Tent,Blackwolf,Snowys,219.9,https://www.snowys.com.au/cicada-hiking-tent-2p-flame,,,2026-08-03T15:01:28Z
blackwolf-blackwolf-cicada-hiking-tent,Blackwolf Cicada Hiking Tent,Blackwolf,Tentworld,,,,,2026-08-19T19:19:25Z
blackwolf-blackwolf-cicada-hiking-tent,Blackwolf Cicada Hiking Tent,Blackwolf,Wild Earth,,,,,2026-08-19T21:01:17Z
darche-adventure-kings-roof-top-camping-tent-with-annex-and-tub-rack-low-profile,Adventure Kings Roof Top Camping Tent With Annex And Tub Rack Low Profile,Darche,eBay AU,,,,,
darche-adventure-kings-roof-top-camping-tent-with-annex-and-tub-rack-low-profile,Adventure Kings Roof Top Camping Tent With Annex And Tub Rack Low Profile,Darche,Amazon AU,,,,,
darche-adventure-kings-roof-top-camping-tent-with-annex-and-tub-rack-low-profile,Adventure Kings Roof Top Camping Tent With Annex And Tub Rack Low Profile,Darche,BCF,,,,,2026-08-19T16:46:32Z
darche-adventure-kings-roof-top-camping-tent-with-annex-and-tub-rack-low-profile,Adventure Kings Roof Top Camping Tent With Annex And Tub Rack Low Profile,Darche,Anaconda,,,,,2026-08-13T21:58:56Z
darche-adventure-kings-roof-top-camping-tent-with-annex-and-tub-rack-low-profile,Adventure Kings Roof Top Camping Tent With Annex And Tub Rack Low Profile,Darche,Snowys,,,,,2026-08-19T15:49:09Z
darche-adventure-kings-roof-top-camping-tent-with-annex-and-tub-rack-low-profile,Adventure Kings Roof Top Camping Tent With Annex And Tub Rack Low Profile,Darche,Tentworld,,,,,2026-08-19T19:19:25Z
darche-adventure-kings-roof-top-camping-tent-with-annex-and-tub-rack-low-profile,Adventure Kings Roof Top Camping Tent With Annex And Tub Rack Low Profile,Darche,Wild Earth,,,,,2026-08-19T21:01:17Z
darche-adventure-kings-roof-top-camping-tent-with-annex-and-tub-rack-low-profile-2,Adventure Kings Roof Top Camping Tent With Annex And Tub Rack Low Profile,Darche,eBay AU,,,,,
darche-adventure-kings-roof-top-camping-tent-with-annex-and-tub-rack-low-profile-2,Adventure Kings Roof Top Camping Tent With Annex And Tub Rack Low Profile,Darche,Amazon AU,,,,,
darche-adventure-kings-roof-top-camping-tent-with-annex-and-tub-rack-low-profile-2,Adventure Kings Roof Top Camping Tent With Annex And Tub Rack Low Profile,Darche,BCF,,,,,2026-08-19T16:46:32Z
darche-adventure-kings-roof-top-camping-tent-with-annex-and-tub-rack-low-profile-2,Adventure Kings Roof Top Camping Tent With Annex And Tub Rack Low Profile,Darche,Anaconda,,,,,2026-08-13T21:58:56Z
darche-adventure-kings-roof-top-camping-tent-with-annex-and-tub-rack-low-profile-2,Adventure Kings Roof Top Camping Tent With Annex And Tub Rack Low Profile,Darche,Snowys,,,,,2026-08-19T15:49:09Z
darche-adventure-kings-roof-top-camping-tent-with-annex-and-tub-rack-low-profile-2,Adventure Kings Roof Top Camping Tent With Annex And Tub Rack Low Profile,Darche,Tentworld,,,,,2026-08-19T19:19:25Z
darche-adventure-kings-roof-top-camping-tent-with-annex-and-tub-rack-low-profile-2,Adventure Kings Roof Top Camping Tent With Annex And Tub Rack Low Profile,Darche,Wild Earth,,,,,2026-08-19T21:01:17Z
darche-darche-twin-cube-shower-tent-green-grey,Darche Twin Cube Shower Tent - Green/Grey,Darche,eBay AU,,,,,
darche-darche-twin-cube-shower-tent-green-grey,Darche Twin Cube Shower Tent - Green/Grey,Darche,Amazon AU,,,,,
darche-darche-twin-cube-shower-tent-green-grey,Darche Twin Cube Shower Tent - Green/Grey,Darche,BCF,,,,,2026-08-19T16:46:32Z
darche-darche-twin-cube-shower-tent-green-grey,Darche Twin Cube Shower Tent - Green/Grey,Darche,Anaconda,,,,,2026-08-13T21:58:56Z
darche-darche-twin-cube-shower-tent-green-grey,Darche Twin Cube Shower Tent - Green/Grey,Darche,Snowys,,,,,2026-08-19T15:49:09Z
darche-darche-twin-cube-shower-tent-green-grey,Darche Twin Cube Shower Tent - Green/Grey,Darche,Tentworld,,,,,2026-08-19T19:19:25Z
darche-darche-twin-cube-shower-tent-green-grey,Darche Twin Cube Shower Tent - Green/Grey,Darche,Wild Earth,,,,,2026-08-19T21:01:17Z
darche-darche-intrepidor-1400-roof-top-tent-sky-window-4x4-4wd-camping,Darche Intrepidor 1400 Roof Top Tent Sky Window 4X4 4WD,Darche,eBay AU,,,,,
darche-darche-intrepidor-1400-roof-top-tent-sky-window-4x4-4wd-camping,Darche Intrepidor 1400 Roof Top Tent Sky Window 4X4 4WD,Darche,Amazon AU,,,,,
darche-darche-intrepidor-1400-roof-top-tent-sky-window-4x4-4wd-camping,Darche Intrepidor 1400 Roof Top Tent Sky Window 4X4 4WD,Darche,BCF,,,,,2026-08-19T16:46:32Z
darche-darche-intrepidor-1400-roof-top-tent-sky-window-4x4-4wd-camping,Darche Intrepidor 1400 Roof Top Tent Sky Window 4X4 4WD,Darche,Anaconda,,,,,2026-08-13T21:58:56Z
darche-darche-intrepidor-1400-roof-top-tent-sky-window-4x4-4wd-camping,Darche Intrepidor 1400 Roof Top Tent Sky Window 4X4 4WD,Darche,Snowys,,,,,2026-08-19T15:49:09Z
darche-darche-intrepidor-1400-roof-top-tent-sky-window-4x4-4wd-camping,Darche Intrepidor 1400 Roof Top Tent Sky Window 4X4 4WD,Darche,Tentworld,,,,,2026-08-19T19:19:25Z
darche-darche-intrepidor-1400-roof-top-tent-sky-window-4x4-4wd-camping,Darche Intrepidor 1400 Roof Top Tent Sky Window 4X4 4WD,Darche,Wild Earth,,,,,2026-08-19T21:01:17Z
darche-darche-ranger-solo-swag-single-camping-canvas-tent-free-standing-travel,Darche Ranger Solo+ Swag Single Camping Canvas Tent Free Standing,Darche,eBay AU,,,,,
darche-darche-ranger-solo-swag-single-camping-canvas-tent-free-standing-travel,Darche Ranger Solo+ Swag Single Camping Canvas Tent Free Standing,Darche,Amazon AU,,,,,
darche-darche-ranger-solo-swag-single-camping-canvas-tent-free-standing-travel,Darche Ranger Solo+ Swag Single Camping Canvas Tent Free Standing,Darche,BCF,,,,,2026-08-19T16:46:32Z
darche-darche-ranger-solo-swag-single-camping-canvas-tent-free-standing-travel,Darche Ranger Solo+ Swag Single Camping Canvas Tent Free Standing,Darche,Anaconda,,,,,2026-08-13T21:58:56Z
darche-darche-ranger-solo-swag-single-camping-canvas-tent-free-standing-travel,Darche Ranger Solo+ Swag Single Camping Canvas Tent Free Standing,Darche,Snowys,,,,,2026-08-19T15:49:09Z
darche-darche-ranger-solo-swag-single-camping-canvas-tent-free-standing-travel,Darche Ranger Solo+ Swag Single Camping Canvas Tent Free Standing,Darche,Tentworld,,,,,2026-08-19T19:19:25Z
darche-darche-ranger-solo-swag-single-camping-canvas-tent-free-standing-travel,Darche Ranger Solo+ Swag Single Camping Canvas Tent Free Standing,Darche,Wild Earth,,,,,2026-08-19T21:01:17Z
big-agnes-big-agnes-bunk-house-6-3-season-6-person-family-camping-tent,Big Agnes Bunk House 6 3-Season 6-Person Family Camping Tent,Big Agnes,eBay AU,,,,,
big-agnes-big-agnes-bunk-house-6-3-season-6-person-family-camping-tent,Big Agnes Bunk House 6 3-Season 6-Person Family Camping Tent,Big Agnes,Amazon AU,,,,,
big-agnes-big-agnes-bunk-house-6-3-season-6-person-family-camping-tent,Big Agnes Bunk House 6 3-Season 6-Person Family Camping Tent,Big Agnes,BCF,,,,,2026-08-19T16:46:32Z
big-agnes-big-agnes-bunk-house-6-3-season-6-person-family-camping-tent,Big Agnes Bunk House 6 3-Season 6-Person Family Camping Tent,Big Agnes,Anaconda,,,,,2026-08-13T21:58:56Z
big-agnes-big-agnes-bunk-house-6-3-season-6-person-family-camping-tent,Big Agnes Bunk House 6 3-Season 6-Person Family Camping Tent,Big Agnes,Snowys,,,,,2026-08-19T15:49:09Z
big-agnes-big-agnes-bunk-house-6-3-season-6-person-family-camping-tent,Big Agnes Bunk House 6 3-Season 6-Person Family Camping Tent,Big Agnes,Tentworld,,,,,2026-08-19T19:19:25Z
big-agnes-big-agnes-bunk-house-6-3-season-6-person-family-camping-tent,Big Agnes Bunk House 6 3-Season 6-Person Family Camping Tent,Big Agnes,Wild Earth,,,,,2026-08-19T21:01:17Z
big-agnes-big-agnes-bunk-house-4-3-season-4-person-family-camping-tent,Big Agnes Bunk House 4 3-Season 4-Person Family Camping Tent,Big Agnes,eBay AU,,,,,
big-agnes-big-agnes-bunk-house-4-3-season-4-person-family-camping-tent,Big Agnes Bunk House 4 3-Season 4-Person Family Camping Tent,Big Agnes,Amazon AU,,,,,
big-agnes-big-agnes-bunk-house-4-3-season-4-person-family-camping-tent,Big Agnes Bunk House 4 3-Season 4-Person Family Camping Tent,Big Agnes,BCF,,,,,2026-08-19T16:46:32Z
big-agnes-big-agnes-bunk-house-4-3-season-4-person-family-camping-tent,Big Agnes Bunk House 4 3-Season 4-Person Family Camping Tent,Big Agnes,Anaconda,,,,,2026-08-13T21:58:56Z
big-agnes-big-agnes-bunk-house-4-3-season-4-person-family-camping-tent,Big Agnes Bunk House 4 3-Season 4-Person Family Camping Tent,Big Agnes,Snowys,,,,,2026-08-19T15:49:09Z
big-agnes-big-agnes-bunk-house-4-3-season-4-person-family-camping-tent,Big Agnes Bunk House 4 3-Season 4-Person Family Camping Tent,Big Agnes,Tentworld,,,,,2026-08-19T19:19:25Z
big-agnes-big-agnes-bunk-house-4-3-season-4-person-family-camping-tent,Big Agnes Bunk House 4 3-Season 4-Person Family Camping Tent,Big Agnes,Wild Earth,,,,,2026-08-19T21:01:17Z
vango-vango-beta-450xl-4-person-3-season-camping-tent-moroccan-blue,Vango Beta 450XL 4-Person 3-Season Camping Tent - Moroccan Blue,Vango,eBay AU,,,,,
vango-vango-beta-450xl-4-person-3-season-camping-tent-moroccan-blue,Vango Beta 450XL 4-Person 3-Season Camping Tent - Moroccan Blue,Vango,Amazon AU,,,,,
vango-vango-beta-450xl-4-person-3-season-camping-tent-moroccan-blue,Vango Beta 450XL 4-Person 3-Season Camping Tent - Moroccan Blue,Vango,BCF,,,,,2026-08-19T16:46:32Z
vango-vango-beta-450xl-4-person-3-season-camping-tent-moroccan-blue,Vango Beta 450XL 4-Person 3-Season Camping Tent - Moroccan Blue,Vango,Anaconda,,,,,2026-08-13T21:58:56Z
vango-vango-beta-450xl-4-person-3-season-camping-tent-moroccan-blue,Vango Beta 450XL 4-Person 3-Season Camping Tent - Moroccan Blue,Vango,Snowys,,,,,2026-08-19T15:49:09Z
vango-vango-beta-450xl-4-person-3-season-camping-tent-moroccan-blue,Vango Beta 450XL 4-Person 3-Season Camping Tent - Moroccan Blue,Vango,Tentworld,,,,,2026-08-19T19:19:25Z
vango-vango-beta-450xl-4-person-3-season-camping-tent-moroccan-blue,Vango Beta 450XL 4-Person 3-Season Camping Tent - Moroccan Blue,Vango,Wild Earth,,,,,2026-08-19T21:01:17Z
vango-vango-skye-500-5-person-camping-hiking-tent-treetops,Vango Skye 500 5 Person Tent - Treetops,Vango,eBay AU,,,,,
vango-vango-skye-500-5-person-camping-hiking-tent-treetops,Vango Skye 500 5 Person Tent - Treetops,Vango,Amazon AU,,,,,
vango-vango-skye-500-5-person-camping-hiking-tent-treetops,Vango Skye 500 5 Person Tent - Treetops,Vango,BCF,,,,,2026-08-19T16:46:32Z
vango-vango-skye-500-5-person-camping-hiking-tent-treetops,Vango Skye 500 5 Person Tent - Treetops,Vango,Anaconda,,,,,2026-08-13T21:58:56Z
vango-vango-skye-500-5-person-camping-hiking-tent-treetops,Vango Skye 500 5 Person Tent - Treetops,Vango,Snowys,,,,,2026-08-19T15:49:09Z
vango-vango-skye-500-5-person-camping-hiking-tent-treetops,Vango Skye 500 5 Person Tent - Treetops,Vango,Tentworld,,,,,2026-08-19T19:19:25Z
vango-vango-skye-500-5-person-camping-hiking-tent-treetops,Vango Skye 500 5 Person Tent - Treetops,Vango,Wild Earth,,,,,2026-08-19T21:01:17Z
vango-vango-heddon-200-2-person-camping-hiking-tent-pamir-green,Vango Heddon 200 2 Person Tent - Pamir Green,Vango,eBay AU,,,,,
vango-vango-heddon-200-2-person-camping-hiking-tent-pamir-green,Vango Heddon 200 2 Person Tent - Pamir Green,Vango,Amazon AU,,,,,
vango-vango-heddon-200-2-person-camping-hiking-tent-pamir-green,Vango Heddon 200 2 Person Tent - Pamir Green,Vango,BCF,,,,,2026-08-19T16:46:32Z
vango-vango-heddon-200-2-person-camping-hiking-tent-pamir-green,Vango Heddon 200 2 Person Tent - Pamir Green,Vango,Anaconda,,,,,2026-08-13T21:58:56Z
vango-vango-heddon-200-2-person-camping-hiking-tent-pamir-green,Vango Heddon 200 2 Person Tent - Pamir Green,Vango,Snowys,,,,,2026-08-19T15:49:09Z
vango-vango-heddon-200-2-person-camping-hiking-tent-pamir-green,Vango Heddon 200 2 Person Tent - Pamir Green,Vango,Tentworld,,,,,2026-08-19T19:19:25Z
vango-vango-heddon-200-2-person-camping-hiking-tent-pamir-green,Vango Heddon 200 2 Person Tent - Pamir Green,Vango,Wild Earth,,,,,2026-08-19T21:01:17Z
vango-vango-beta-alloy-350xl-with-tbs-ii-3-person-camping-hiking-tent-cactus,Vango Beta Alloy 350XL with TBS II 3 Person Tent - Cactus,Vango,eBay AU,,,,,
vango-vango-beta-alloy-350xl-with-tbs-ii-3-person-camping-hiking-tent-cactus,Vango Beta Alloy 350XL with TBS II 3 Person Tent - Cactus,Vango,Amazon AU,,,,,
vango-vango-beta-alloy-350xl-with-tbs-ii-3-person-camping-hiking-tent-cactus,Vango Beta Alloy 350XL with TBS II 3 Person Tent - Cactus,Vango,BCF,,,,,2026-08-19T16:46:32Z
vango-vango-beta-alloy-350xl-with-tbs-ii-3-person-camping-hiking-tent-cactus,Vango Beta Alloy 350XL with TBS II 3 Person Tent - Cactus,Vango,Anaconda,,,,,2026-08-13T21:58:56Z
vango-vango-beta-alloy-350xl-with-tbs-ii-3-person-camping-hiking-tent-cactus,Vango Beta Alloy 350XL with TBS II 3 Person Tent - Cactus,Vango,Snowys,,,,,2026-08-19T15:49:09Z
vango-vango-beta-alloy-350xl-with-tbs-ii-3-person-camping-hiking-tent-cactus,Vango Beta Alloy 350XL with TBS II 3 Person Tent - Cactus,Vango,Tentworld,,,,,2026-08-19T19:19:25Z
vango-vango-beta-alloy-350xl-with-tbs-ii-3-person-camping-hiking-tent-cactus,Vango Beta Alloy 350XL with TBS II 3 Person Tent - Cactus,Vango,Wild Earth,,,,,2026-08-19T21:01:17Z
vango-vango-cragmor-500-5-person-camping-hiking-tent-with-tbs-ii-mineral-green,Vango Cragmor 500 5 Person Tent with TBS II - Mineral Green,Vango,eBay AU,,,,,
vango-vango-cragmor-500-5-person-camping-hiking-tent-with-tbs-ii-mineral-green,Vango Cragmor 500 5 Person Tent with TBS II - Mineral Green,Vango,Amazon AU,,,,,
vango-vango-cragmor-500-5-person-camping-hiking-tent-with-tbs-ii-mineral-green,Vango Cragmor 500 5 Person Tent with TBS II - Mineral Green,Vango,BCF,,,,,2026-08-19T16:46:32Z
vango-vango-cragmor-500-5-person-camping-hiking-tent-with-tbs-ii-mineral-green,Vango Cragmor 500 5 Person Tent with TBS II - Mineral Green,Vango,Anaconda,,,,,2026-08-13T21:58:56Z
vango-vango-cragmor-500-5-person-camping-hiking-tent-with-tbs-ii-mineral-green,Vango Cragmor 500 5 Person Tent with TBS II - Mineral Green,Vango,Snowys,,,,,2026-08-19T15:49:09Z
vango-vango-cragmor-500-5-person-camping-hiking-tent-with-tbs-ii-mineral-green,Vango Cragmor 500 5 Person Tent with TBS II - Mineral Green,Vango,Tentworld,,,,,2026-08-19T19:19:25Z
vango-vango-cragmor-500-5-person-camping-hiking-tent-with-tbs-ii-mineral-green,Vango Cragmor 500 5 Person Tent with TBS II - Mineral Green,Vango,Wild Earth,,,,,2026-08-19T21:01:17Z
coleman-instant-up-swagger-1-3-person-tent-5,"Instant up Swagger 1, 3 Person Tent",Coleman,eBay AU,,,,,
coleman-instant-up-swagger-1-3-person-tent-5,"Instant up Swagger 1, 3 Person Tent",Coleman,Amazon AU,,,,,
coleman-instant-up-swagger-1-3-person-tent-5,"Instant up Swagger 1, 3 Person Tent",Coleman,BCF,,,,,2026-08-19T16:46:32Z
coleman-instant-up-swagger-1-3-person-tent-5,"Instant up Swagger 1, 3 Person Tent",Coleman,Anaconda,,,,,2026-08-14T21:39:50Z
coleman-instant-up-swagger-1-3-person-tent-5,"Instant up Swagger 1, 3 Person Tent",Coleman,Snowys,,,,,2026-08-19T15:49:09Z
coleman-instant-up-swagger-1-3-person-tent-5,"Instant up Swagger 1, 3 Person Tent",Coleman,Tentworld,,,,,2026-08-19T19:19:25Z
coleman-instant-up-swagger-1-3-person-tent-5,"Instant up Swagger 1, 3 Person Tent",Coleman,Wild Earth,,,,,2026-08-19T21:01:17Z
coleman-instant-up-swagger-1-3-person-tent-6,"Instant up Swagger 1, 3 Person Tent",Coleman,eBay AU,,,,,
coleman-instant-up-swagger-1-3-person-tent-6,"Instant up Swagger 1, 3 Person Tent",Coleman,Amazon AU,,,,,
coleman-instant-up-swagger-1-3-person-tent-6,"Instant up Swagger 1, 3 Person Tent",Coleman,BCF,,,,,2026-08-19T16:46:32Z
coleman-instant-up-swagger-1-3-person-tent-6,"Instant up Swagger 1, 3 Person Tent",Coleman,Anaconda,,,,,2026-08-14T21:39:50Z
coleman-instant-up-swagger-1-3-person-tent-6,"Instant up Swagger 1, 3 Person Tent",Coleman,Snowys,,,,,2026-08-19T15:49:09Z
coleman-instant-up-swagger-1-3-person-tent-6,"Instant up Swagger 1, 3 Person Tent",Coleman,Tentworld,,,,,2026-08-19T19:19:25Z
coleman-instant-up-swagger-1-3-person-tent-6,"Instant up Swagger 1, 3 Person Tent",Coleman,Wild Earth,,,,,2026-08-19T21:01:17Z
coleman-coleman-instant-up-swagger-1-3-person-tent,"Coleman Instant up Swagger 1, 3 Person Tent",Coleman,eBay AU,,,,,
coleman-coleman-instant-up-swagger-1-3-person-tent,"Coleman Instant up Swagger 1, 3 Person Tent",Coleman,Amazon AU,,,,,
coleman-coleman-instant-up-swagger-1-3-person-tent,"Coleman Instant up Swagger 1, 3 Person Tent",Coleman,BCF,,,,,2026-08-19T16:46:32Z
coleman-coleman-instant-up-swagger-1-3-person-tent,"Coleman Instant up Swagger 1, 3 Person Tent",Coleman,Anaconda,,,,,2026-08-14T21:39:50Z
coleman-coleman-instant-up-swagger-1-3-person-tent,"Coleman Instant up Swagger 1, 3 Person Tent",Coleman,Snowys,,,,,2026-08-19T15:49:09Z
coleman-coleman-instant-up-swagger-1-3-person-tent,"Coleman Instant up Swagger 1, 3 Person Tent",Coleman,Tentworld,,,,,2026-08-19T19:19:25Z
coleman-coleman-instant-up-swagger-1-3-person-tent,"Coleman Instant up Swagger 1, 3 Person Tent",Coleman,Wild Earth,,,,,2026-08-19T21:01:17Z
coleman-coleman-instant-up-swagger-1-3-person-tent-2,"Coleman Instant up Swagger 1, 3 Person Tent",Coleman,eBay AU,,,,,
coleman-coleman-instant-up-swagger-1-3-person-tent-2,"Coleman Instant up Swagger 1, 3 Person Tent",Coleman,Amazon AU,,,,,
coleman-coleman-instant-up-swagger-1-3-person-tent-2,"Coleman Instant up Swagger 1, 3 Person Tent",Coleman,BCF,,,,,2026-08-19T16:46:32Z
coleman-coleman-instant-up-swagger-1-3-person-tent-2,"Coleman Instant up Swagger 1, 3 Person Tent",Coleman,Anaconda,,,,,2026-08-14T21:39:50Z
coleman-coleman-instant-up-swagger-1-3-person-tent-2,"Coleman Instant up Swagger 1, 3 Person Tent",Coleman,Snowys,,,,,2026-08-19T15:49:09Z
coleman-coleman-instant-up-swagger-1-3-person-tent-2,"Coleman Instant up Swagger 1, 3 Person Tent",Coleman,Tentworld,,,,,2026-08-21T00:20:15Z
coleman-coleman-instant-up-swagger-1-3-person-tent-2,"Coleman Instant up Swagger 1, 3 Person Tent",Coleman,Wild Earth,,,,,2026-08-19T21:01:17Z
coleman-coleman-6-person-instant-up-tent-gold-series-evo-outdoor-camping-accessories,Coleman 6 Person Instant Up Tent Gold Series Evo Outdoor Camping Accessories,Coleman,eBay AU,,,,,
coleman-coleman-6-person-instant-up-tent-gold-series-evo-outdoor-camping-accessories,Coleman 6 Person Instant Up Tent Gold Series Evo Outdoor Camping Accessories,Coleman,Amazon AU,,,,,
coleman-coleman-6-person-instant-up-tent-gold-series-evo-outdoor-camping-accessories,Coleman 6 Person Instant Up Tent Gold Series Evo Outdoor Camping Accessories,Coleman,BCF,,,,,2026-08-19T16:46:32Z
coleman-coleman-6-person-instant-up-tent-gold-series-evo-outdoor-camping-accessories,Coleman 6 Person Instant Up Tent Gold Series Evo Outdoor Camping Accessories,Coleman,Anaconda,,,,,2026-08-14T21:39:50Z
coleman-coleman-6-person-instant-up-tent-gold-series-evo-outdoor-camping-accessories,Coleman 6 Person Instant Up Tent Gold Series Evo Outdoor Camping Accessories,Coleman,Snowys,,,,,2026-08-19T15:49:09Z
coleman-coleman-6-person-instant-up-tent-gold-series-evo-outdoor-camping-accessories,Coleman 6 Person Instant Up Tent Gold Series Evo Outdoor Camping Accessories,Coleman,Tentworld,,,,,2026-08-21T00:20:15Z
coleman-coleman-6-person-instant-up-tent-gold-series-evo-outdoor-camping-accessories,Coleman 6 Person Instant Up Tent Gold Series Evo Outdoor Camping Accessories,Coleman,Wild Earth,,,,,2026-08-19T21:01:17Z
oztrail-oztrail-fast-frame-ensuite-tent-camping-shower-toilet-change-room,OZtrail Fast Frame Ensuite Tent Camping Shower Toilet Change Room,OZtrail,eBay AU,,,,,
oztrail-oztrail-fast-frame-ensuite-tent-camping-shower-toilet-change-room,OZtrail Fast Frame Ensuite Tent Camping Shower Toilet Change Room,OZtrail,Amazon AU,,,,,
oztrail-oztrail-fast-frame-ensuite-tent-camping-shower-toilet-change-room,OZtrail Fast Frame Ensuite Tent Camping Shower Toilet Change Room,OZtrail,BCF,,,,,2026-08-19T16:46:32Z
oztrail-oztrail-fast-frame-ensuite-tent-camping-shower-toilet-change-room,OZtrail Fast Frame Ensuite Tent Camping Shower Toilet Change Room,OZtrail,Anaconda,,,,,2026-08-14T21:39:50Z
oztrail-oztrail-fast-frame-ensuite-tent-camping-shower-toilet-change-room,OZtrail Fast Frame Ensuite Tent Camping Shower Toilet Change Room,OZtrail,Snowys,,,,,2026-08-19T15:49:09Z
oztrail-oztrail-fast-frame-ensuite-tent-camping-shower-toilet-change-room,OZtrail Fast Frame Ensuite Tent Camping Shower Toilet Change Room,OZtrail,Tentworld,,,,,2026-08-21T00:20:15Z
oztrail-oztrail-fast-frame-ensuite-tent-camping-shower-toilet-change-room,OZtrail Fast Frame Ensuite Tent Camping Shower Toilet Change Room,OZtrail,Wild Earth,,,,,2026-08-19T21:01:17Z
oztrail-oztrail-easy-fold-1-person-stretcher-tent-waterproof-camping-tent,OZtrail Easy Fold 1 Person Stretcher Tent - Waterproof Camping Tent,OZtrail,eBay AU,,,,,
oztrail-oztrail-easy-fold-1-person-stretcher-tent-waterproof-camping-tent,OZtrail Easy Fold 1 Person Stretcher Tent - Waterproof Camping Tent,OZtrail,Amazon AU,,,,,
oztrail-oztrail-easy-fold-1-person-stretcher-tent-waterproof-camping-tent,OZtrail Easy Fold 1 Person Stretcher Tent - Waterproof Camping Tent,OZtrail,BCF,,,,,2026-08-19T16:46:32Z
oztrail-oztrail-easy-fold-1-person-stretcher-tent-waterproof-camping-tent,OZtrail Easy Fold 1 Person Stretcher Tent - Waterproof Camping Tent,OZtrail,Anaconda,,,,,2026-08-14T21:39:50Z
oztrail-oztrail-easy-fold-1-person-stretcher-tent-waterproof-camping-tent,OZtrail Easy Fold 1 Person Stretcher Tent - Waterproof Camping Tent,OZtrail,Snowys,,,,,2026-08-19T15:49:09Z
oztrail-oztrail-easy-fold-1-person-stretcher-tent-waterproof-camping-tent,OZtrail Easy Fold 1 Person Stretcher Tent - Waterproof Camping Tent,OZtrail,Tentworld,,,,,2026-08-21T00:20:15Z
oztrail-oztrail-easy-fold-1-person-stretcher-tent-waterproof-camping-tent,OZtrail Easy Fold 1 Person Stretcher Tent - Waterproof Camping Tent,OZtrail,Wild Earth,,,,,2026-08-19T21:01:17Z
oztrail-oztrail-hiker-fly-camping-tent-hiking-picnic-beach-shade-tarp-3-5m-x-2-1m,OZtrail Hiker Fly. Camping Tent Shade Tarp 3.5m x 2.1m,OZtrail,eBay AU,,,,,
oztrail-oztrail-hiker-fly-camping-tent-hiking-picnic-beach-shade-tarp-3-5m-x-2-1m,OZtrail Hiker Fly. Camping Tent Shade Tarp 3.5m x 2.1m,OZtrail,Amazon AU,,,,,
oztrail-oztrail-hiker-fly-camping-tent-hiking-picnic-beach-shade-tarp-3-5m-x-2-1m,OZtrail Hiker Fly. Camping Tent Shade Tarp 3.5m x 2.1m,OZtrail,BCF,,,,,2026-08-19T16:46:32Z
oztrail-oztrail-hiker-fly-camping-tent-hiking-picnic-beach-shade-tarp-3-5m-x-2-1m,OZtrail Hiker Fly. Camping Tent Shade Tarp 3.5m x 2.1m,OZtrail,Anaconda,,,,,2026-08-14T21:39:50Z
oztrail-oztrail-hiker-fly-camping-tent-hiking-picnic-beach-shade-tarp-3-5m-x-2-1m,OZtrail Hiker Fly. Camping Tent Shade Tarp 3.5m x 2.1m,OZtrail,Snowys,,,,,2026-08-19T15:49:09Z
oztrail-oztrail-hiker-fly-camping-tent-hiking-picnic-beach-shade-tarp-3-5m-x-2-1m,OZtrail Hiker Fly. Camping Tent Shade Tarp 3.5m x 2.1m,OZtrail,Tentworld,,,,,2026-08-21T00:20:15Z
oztrail-oztrail-hiker-fly-camping-tent-hiking-picnic-beach-shade-tarp-3-5m-x-2-1m,OZtrail Hiker Fly. Camping Tent Shade Tarp 3.5m x 2.1m,OZtrail,Wild Earth,,,,,2026-08-19T21:01:17Z
oztrail-new-oztrail-genesis-ii-4v-person-tent-by-anaconda,NEW OZtrail Genesis II 4V Person Tent By Anaconda,OZtrail,eBay AU,,,,,
oztrail-new-oztrail-genesis-ii-4v-person-tent-by-anaconda,NEW OZtrail Genesis II 4V Person Tent By Anaconda,OZtrail,Amazon AU,,,,,
oztrail-new-oztrail-genesis-ii-4v-person-tent-by-anaconda,NEW OZtrail Genesis II 4V Person Tent By Anaconda,OZtrail,BCF,,,,,2026-08-19T16:46:32Z
oztrail-new-oztrail-genesis-ii-4v-person-tent-by-anaconda,NEW OZtrail Genesis II 4V Person Tent By Anaconda,OZtrail,Anaconda,,,,,2026-08-14T21:39:50Z
oztrail-new-oztrail-genesis-ii-4v-person-tent-by-anaconda,NEW OZtrail Genesis II 4V Person Tent By Anaconda,OZtrail,Snowys,,,,,2026-08-19T15:49:09Z
oztrail-new-oztrail-genesis-ii-4v-person-tent-by-anaconda,NEW OZtrail Genesis II 4V Person Tent By Anaconda,OZtrail,Tentworld,,,,,2026-08-21T00:20:15Z
oztrail-new-oztrail-genesis-ii-4v-person-tent-by-anaconda,NEW OZtrail Genesis II 4V Person Tent By Anaconda,OZtrail,Wild Earth,,,,,2026-08-19T21:01:17Z
oztrail-oztrail-halo-100-lumen-tent-light-lamp-for-camping-and-hiking-outdoor-use,OZtrail Halo 100 Lumen Tent Light Lamp,OZtrail,eBay AU,,,,,
oztrail-oztrail-halo-100-lumen-tent-light-lamp-for-camping-and-hiking-outdoor-use,OZtrail Halo 100 Lumen Tent Light Lamp,OZtrail,Amazon AU,,,,,
oztrail-oztrail-halo-100-lumen-tent-light-lamp-for-camping-and-hiking-outdoor-use,OZtrail Halo 100 Lumen Tent Light Lamp,OZtrail,BCF,,,,,2026-08-19T16:46:32Z
oztrail-oztrail-halo-100-lumen-tent-light-lamp-for-camping-and-hiking-outdoor-use,OZtrail Halo 100 Lumen Tent Light Lamp,OZtrail,Anaconda,,,,,2026-08-14T21:39:50Z
oztrail-oztrail-halo-100-lumen-tent-light-lamp-for-camping-and-hiking-outdoor-use,OZtrail Halo 100 Lumen Tent Light Lamp,OZtrail,Snowys,,,,,2026-08-19T15:49:09Z
oztrail-oztrail-halo-100-lumen-tent-light-lamp-for-camping-and-hiking-outdoor-use,OZtrail Halo 100 Lumen Tent Light Lamp,OZtrail,Tentworld,,,,,2026-08-21T00:20:15Z
oztrail-oztrail-halo-100-lumen-tent-light-lamp-for-camping-and-hiking-outdoor-use,OZtrail Halo 100 Lumen Tent Light Lamp,OZtrail,Wild Earth,,,,,2026-08-19T21:01:17Z
vango-vango-storm-shelter-bright-orange-multiple-sizes-camping-hiking-fishing,Vango STORM SHELTER - BRIGHT ORANGE,Vango,eBay AU,,,,,
vango-vango-storm-shelter-bright-orange-multiple-sizes-camping-hiking-fishing,Vango STORM SHELTER - BRIGHT ORANGE,Vango,Amazon AU,,,,,
vango-vango-storm-shelter-bright-orange-multiple-sizes-camping-hiking-fishing,Vango STORM SHELTER - BRIGHT ORANGE,Vango,BCF,,,,,2026-08-19T16:46:32Z
vango-vango-storm-shelter-bright-orange-multiple-sizes-camping-hiking-fishing,Vango STORM SHELTER - BRIGHT ORANGE,Vango,Anaconda,,,,,2026-08-14T21:39:50Z
vango-vango-storm-shelter-bright-orange-multiple-sizes-camping-hiking-fishing,Vango STORM SHELTER - BRIGHT ORANGE,Vango,Snowys,,,,,2026-08-19T15:49:09Z
vango-vango-storm-shelter-bright-orange-multiple-sizes-camping-hiking-fishing,Vango STORM SHELTER - BRIGHT ORANGE,Vango,Tentworld,,,,,2026-08-21T00:20:15Z
vango-vango-storm-shelter-bright-orange-multiple-sizes-camping-hiking-fishing,Vango STORM SHELTER - BRIGHT ORANGE,Vango,Wild Earth,,,,,2026-08-19T21:01:17Z
vango-vango-nevis-300-3-person-camping-hiking-tent-pamir-vte-ne300-n,Vango Nevis 300 3 Person Tent - Pamir (VTE-NE300-N),Vango,eBay AU,,,,,
vango-vango-nevis-300-3-person-camping-hiking-tent-pamir-vte-ne300-n,Vango Nevis 300 3 Person Tent - Pamir (VTE-NE300-N),Vango,Amazon AU,,,,,
vango-vango-nevis-300-3-person-camping-hiking-tent-pamir-vte-ne300-n,Vango Nevis 300 3 Person Tent - Pamir (VTE-NE300-N),Vango,BCF,,,,,2026-08-19T16:46:32Z
vango-vango-nevis-300-3-person-camping-hiking-tent-pamir-vte-ne300-n,Vango Nevis 300 3 Person Tent - Pamir (VTE-NE300-N),Vango,Anaconda,,,,,2026-08-14T21:39:50Z
vango-vango-nevis-300-3-person-camping-hiking-tent-pamir-vte-ne300-n,Vango Nevis 300 3 Person Tent - Pamir (VTE-NE300-N),Vango,Snowys,,,,,2026-08-19T15:49:09Z
vango-vango-nevis-300-3-person-camping-hiking-tent-pamir-vte-ne300-n,Vango Nevis 300 3 Person Tent - Pamir (VTE-NE300-N),Vango,Tentworld,,,,,2026-08-21T00:20:15Z
vango-vango-nevis-300-3-person-camping-hiking-tent-pamir-vte-ne300-n,Vango Nevis 300 3 Person Tent - Pamir (VTE-NE300-N),Vango,Wild Earth,,,,,2026-08-19T21:01:17Z
vango-vango-nevis-200-2-person-camping-hiking-tent-pamir-vte-ne200-n,Vango Nevis 200 2 Person Tent - Pamir (VTE-NE200-N),Vango,eBay AU,,,,,
vango-vango-nevis-200-2-person-camping-hiking-tent-pamir-vte-ne200-n,Vango Nevis 200 2 Person Tent - Pamir (VTE-NE200-N),Vango,Amazon AU,,,,,
vango-vango-nevis-200-2-person-camping-hiking-tent-pamir-vte-ne200-n,Vango Nevis 200 2 Person Tent - Pamir (VTE-NE200-N),Vango,BCF,,,,,2026-08-19T16:46:32Z
vango-vango-nevis-200-2-person-camping-hiking-tent-pamir-vte-ne200-n,Vango Nevis 200 2 Person Tent - Pamir (VTE-NE200-N),Vango,Anaconda,,,,,2026-08-14T21:39:50Z
vango-vango-nevis-200-2-person-camping-hiking-tent-pamir-vte-ne200-n,Vango Nevis 200 2 Person Tent - Pamir (VTE-NE200-N),Vango,Snowys,,,,,2026-08-19T15:49:09Z
vango-vango-nevis-200-2-person-camping-hiking-tent-pamir-vte-ne200-n,Vango Nevis 200 2 Person Tent - Pamir (VTE-NE200-N),Vango,Tentworld,,,,,2026-08-21T00:20:15Z
vango-vango-nevis-200-2-person-camping-hiking-tent-pamir-vte-ne200-n,Vango Nevis 200 2 Person Tent - Pamir (VTE-NE200-N),Vango,Wild Earth,,,,,2026-08-19T21:01:17Z
vango-vango-nevis-100-1-person-camping-hiking-tent-pamir-vte-ne100-n,Vango Nevis 100 1 Person Tent - Pamir (VTE-NE100-N),Vango,eBay AU,,,,,
vango-vango-nevis-100-1-person-camping-hiking-tent-pamir-vte-ne100-n,Vango Nevis 100 1 Person Tent - Pamir (VTE-NE100-N),Vango,Amazon AU,,,,,
vango-vango-nevis-100-1-person-camping-hiking-tent-pamir-vte-ne100-n,Vango Nevis 100 1 Person Tent - Pamir (VTE-NE100-N),Vango,BCF,,,,,2026-08-19T16:46:32Z
vango-vango-nevis-100-1-person-camping-hiking-tent-pamir-vte-ne100-n,Vango Nevis 100 1 Person Tent - Pamir (VTE-NE100-N),Vango,Anaconda,,,,,2026-08-14T21:39:50Z
vango-vango-nevis-100-1-person-camping-hiking-tent-pamir-vte-ne100-n,Vango Nevis 100 1 Person Tent - Pamir (VTE-NE100-N),Vango,Snowys,,,,,2026-08-19T15:49:09Z
vango-vango-nevis-100-1-person-camping-hiking-tent-pamir-vte-ne100-n,Vango Nevis 100 1 Person Tent - Pamir (VTE-NE100-N),Vango,Tentworld,,,,,2026-08-21T00:20:15Z
vango-vango-nevis-100-1-person-camping-hiking-tent-pamir-vte-ne100-n,Vango Nevis 100 1 Person Tent - Pamir (VTE-NE100-N),Vango,Wild Earth,,,,,2026-08-19T21:01:17Z
vango-vango-scafell-300-3-person-camping-hiking-tent-pamir-vte-sc300-n,Vango Scafell 300 3 Person Tent - Pamir (VTE-SC300-N),Vango,eBay AU,,,,,
vango-vango-scafell-300-3-person-camping-hiking-tent-pamir-vte-sc300-n,Vango Scafell 300 3 Person Tent - Pamir (VTE-SC300-N),Vango,Amazon AU,,,,,
vango-vango-scafell-300-3-person-camping-hiking-tent-pamir-vte-sc300-n,Vango Scafell 300 3 Person Tent - Pamir (VTE-SC300-N),Vango,BCF,,,,,2026-08-19T16:46:32Z
vango-vango-scafell-300-3-person-camping-hiking-tent-pamir-vte-sc300-n,Vango Scafell 300 3 Person Tent - Pamir (VTE-SC300-N),Vango,Anaconda,,,,,2026-08-14T21:39:50Z
vango-vango-scafell-300-3-person-camping-hiking-tent-pamir-vte-sc300-n,Vango Scafell 300 3 Person Tent - Pamir (VTE-SC300-N),Vango,Snowys,,,,,2026-08-19T15:49:09Z
vango-vango-scafell-300-3-person-camping-hiking-tent-pamir-vte-sc300-n,Vango Scafell 300 3 Person Tent - Pamir (VTE-SC300-N),Vango,Tentworld,,,,,2026-08-21T00:20:15Z
vango-vango-scafell-300-3-person-camping-hiking-tent-pamir-vte-sc300-n,Vango Scafell 300 3 Person Tent - Pamir (VTE-SC300-N),Vango,Wild Earth,,,,,2026-08-19T21:01:17Z
coleman-coleman-430x305cm-outdoor-10-person-camping-tent-gold-series-instant-up,COLEMAN 430x305cm Outdoor 10-Person Camping Tent Gold Series Instant-Up,COLEMAN,eBay AU,,,,,
coleman-coleman-430x305cm-outdoor-10-person-camping-tent-gold-series-instant-up,COLEMAN 430x305cm Outdoor 10-Person Camping Tent Gold Series Instant-Up,COLEMAN,Amazon AU,,,,,
coleman-coleman-430x305cm-outdoor-10-person-camping-tent-gold-series-instant-up,COLEMAN 430x305cm Outdoor 10-Person Camping Tent Gold Series Instant-Up,COLEMAN,BCF,,,,,2026-08-19T16:46:32Z
coleman-coleman-430x305cm-outdoor-10-person-camping-tent-gold-series-instant-up,COLEMAN 430x305cm Outdoor 10-Person Camping Tent Gold Series Instant-Up,COLEMAN,Anaconda,,,,,2026-08-15T21:35:41Z
coleman-coleman-430x305cm-outdoor-10-person-camping-tent-gold-series-instant-up,COLEMAN 430x305cm Outdoor 10-Person Camping Tent Gold Series Instant-Up,COLEMAN,Snowys,,,,,2026-08-19T15:49:09Z
coleman-coleman-430x305cm-outdoor-10-person-camping-tent-gold-series-instant-up,COLEMAN 430x305cm Outdoor 10-Person Camping Tent Gold Series Instant-Up,COLEMAN,Tentworld,,,,,2026-08-21T00:20:15Z
coleman-coleman-430x305cm-outdoor-10-person-camping-tent-gold-series-instant-up,COLEMAN 430x305cm Outdoor 10-Person Camping Tent Gold Series Instant-Up,COLEMAN,Wild Earth,,,,,2026-08-19T21:01:17Z
coleman-coleman-northstar-instant-up-470x270cm-6-person-camping-tent-lighted-darkroom,COLEMAN Northstar Instant-Up 470x270cm 6-Person Camping Tent Lighted Darkroom,COLEMAN,eBay AU,,,,,
coleman-coleman-northstar-instant-up-470x270cm-6-person-camping-tent-lighted-darkroom,COLEMAN Northstar Instant-Up 470x270cm 6-Person Camping Tent Lighted Darkroom,COLEMAN,Amazon AU,,,,,
coleman-coleman-northstar-instant-up-470x270cm-6-person-camping-tent-lighted-darkroom,COLEMAN Northstar Instant-Up 470x270cm 6-Person Camping Tent Lighted Darkroom,COLEMAN,BCF,,,,,2026-08-19T16:46:32Z
coleman-coleman-northstar-instant-up-470x270cm-6-person-camping-tent-lighted-darkroom,COLEMAN Northstar Instant-Up 470x270cm 6-Person Camping Tent Lighted Darkroom,COLEMAN,Anaconda,,,,,2026-08-15T21:35:41Z
coleman-coleman-northstar-instant-up-470x270cm-6-person-camping-tent-lighted-darkroom,COLEMAN Northstar Instant-Up 470x270cm 6-Person Camping Tent Lighted Darkroom,COLEMAN,Snowys,,,,,2026-08-19T15:49:09Z
coleman-coleman-northstar-instant-up-470x270cm-6-person-camping-tent-lighted-darkroom,COLEMAN Northstar Instant-Up 470x270cm 6-Person Camping Tent Lighted Darkroom,COLEMAN,Tentworld,,,,,2026-08-21T00:20:15Z
coleman-coleman-northstar-instant-up-470x270cm-6-person-camping-tent-lighted-darkroom,COLEMAN Northstar Instant-Up 470x270cm 6-Person Camping Tent Lighted Darkroom,COLEMAN,Wild Earth,,,,,2026-08-19T21:01:17Z
coleman-coleman-4-person-instant-up-tent-gold-series-outdoor-camping-evo-waterproof,Coleman 4 Person Instant Up Tent Gold Series Outdoor Camping Evo Waterproof,Coleman,eBay AU,,,,,
coleman-coleman-4-person-instant-up-tent-gold-series-outdoor-camping-evo-waterproof,Coleman 4 Person Instant Up Tent Gold Series Outdoor Camping Evo Waterproof,Coleman,Amazon AU,,,,,
coleman-coleman-4-person-instant-up-tent-gold-series-outdoor-camping-evo-waterproof,Coleman 4 Person Instant Up Tent Gold Series Outdoor Camping Evo Waterproof,Coleman,BCF,,,,,2026-08-19T16:46:32Z
coleman-coleman-4-person-instant-up-tent-gold-series-outdoor-camping-evo-waterproof,Coleman 4 Person Instant Up Tent Gold Series Outdoor Camping Evo Waterproof,Coleman,Anaconda,,,,,2026-08-15T21:35:41Z
coleman-coleman-4-person-instant-up-tent-gold-series-outdoor-camping-evo-waterproof,Coleman 4 Person Instant Up Tent Gold Series Outdoor Camping Evo Waterproof,Coleman,Snowys,,,,,2026-08-19T15:49:09Z
coleman-coleman-4-person-instant-up-tent-gold-series-outdoor-camping-evo-waterproof,Coleman 4 Person Instant Up Tent Gold Series Outdoor Camping Evo Waterproof,Coleman,Tentworld,,,,,2026-08-21T00:20:15Z
coleman-coleman-4-person-instant-up-tent-gold-series-outdoor-camping-evo-waterproof,Coleman 4 Person Instant Up Tent Gold Series Outdoor Camping Evo Waterproof,Coleman,Wild Earth,,,,,2026-08-19T21:01:17Z
coleman-camping-tent-instant-up-silver-series-weathertec-system-for-waterproof-and-win-4,"Camping Tent, Instant up Silver Series, Weathertec System for Waterproof and Win",Coleman,eBay AU,,,,,
coleman-camping-tent-instant-up-silver-series-weathertec-system-for-waterproof-and-win-4,"Camping Tent, Instant up Silver Series, Weathertec System for Waterproof and Win",Coleman,Amazon AU,,,,,
coleman-camping-tent-instant-up-silver-series-weathertec-system-for-waterproof-and-win-4,"Camping Tent, Instant up Silver Series, Weathertec System for Waterproof and Win",Coleman,BCF,,,,,2026-08-19T16:46:32Z
coleman-camping-tent-instant-up-silver-series-weathertec-system-for-waterproof-and-win-4,"Camping Tent, Instant up Silver Series, Weathertec System for Waterproof and Win",Coleman,Anaconda,,,,,2026-08-15T21:35:41Z
coleman-camping-tent-instant-up-silver-series-weathertec-system-for-waterproof-and-win-4,"Camping Tent, Instant up Silver Series, Weathertec System for Waterproof and Win",Coleman,Snowys,,,,,2026-08-19T15:49:09Z
coleman-camping-tent-instant-up-silver-series-weathertec-system-for-waterproof-and-win-4,"Camping Tent, Instant up Silver Series, Weathertec System for Waterproof and Win",Coleman,Tentworld,,,,,2026-08-21T00:20:15Z
coleman-camping-tent-instant-up-silver-series-weathertec-system-for-waterproof-and-win-4,"Camping Tent, Instant up Silver Series, Weathertec System for Waterproof and Win",Coleman,Wild Earth,,,,,2026-08-19T21:01:17Z
coleman-instant-up-swagger-1-3-person-tent-7,"Instant up Swagger 1, 3 Person Tent",Coleman,eBay AU,,,,,
coleman-instant-up-swagger-1-3-person-tent-7,"Instant up Swagger 1, 3 Person Tent",Coleman,Amazon AU,,,,,
coleman-instant-up-swagger-1-3-person-tent-7,"Instant up Swagger 1, 3 Person Tent",Coleman,BCF,,,,,2026-08-19T16:46:32Z
coleman-instant-up-swagger-1-3-person-tent-7,"Instant up Swagger 1, 3 Person Tent",Coleman,Anaconda,,,,,2026-08-15T21:35:41Z
coleman-instant-up-swagger-1-3-person-tent-7,"Instant up Swagger 1, 3 Person Tent",Coleman,Snowys,,,,,2026-08-19T15:49:09Z
coleman-instant-up-swagger-1-3-person-tent-7,"Instant up Swagger 1, 3 Person Tent",Coleman,Tentworld,223.99,https://www.tentworld.com.au/buy-sale/coleman-3-person-swagger-instant-up-tent,,,2026-08-19T00:29:05Z
coleman-instant-up-swagger-1-3-person-tent-7,"Instant up Swagger 1, 3 Person Tent",Coleman,Wild Earth,,,,,2026-08-19T21:01:17Z
oztrail-oztrail-tasman-3-person-dome-tent-camping-touring-offroad-family-dryguard-plus,OZtrail Tasman 3 Person Dome Tent Camping Touring Offroad Family DryGuard PLUS,OZtrail,eBay AU,,,,,
oztrail-oztrail-tasman-3-person-dome-tent-camping-touring-offroad-family-dryguard-plus,OZtrail Tasman 3 Person Dome Tent Camping Touring Offroad Family DryGuard PLUS,OZtrail,Amazon AU,,,,,
oztrail-oztrail-tasman-3-person-dome-tent-camping-touring-offroad-family-dryguard-plus,OZtrail Tasman 3 Person Dome Tent Camping Touring Offroad Family DryGuard PLUS,OZtrail,BCF,,,,,2026-08-19T16:46:32Z
oztrail-oztrail-tasman-3-person-dome-tent-camping-touring-offroad-family-dryguard-plus,OZtrail Tasman 3 Person Dome Tent Camping Touring Offroad Family DryGuard PLUS,OZtrail,Anaconda,,,,,2026-08-15T21:35:41Z
oztrail-oztrail-tasman-3-person-dome-tent-camping-touring-offroad-family-dryguard-plus,OZtrail Tasman 3 Person Dome Tent Camping Touring Offroad Family DryGuard PLUS,OZtrail,Snowys,,,,,2026-08-19T15:49:09Z
oztrail-oztrail-tasman-3-person-dome-tent-camping-touring-offroad-family-dryguard-plus,OZtrail Tasman 3 Person Dome Tent Camping Touring Offroad Family DryGuard PLUS,OZtrail,Tentworld,,,,,2026-08-21T00:20:15Z
oztrail-oztrail-tasman-3-person-dome-tent-camping-touring-offroad-family-dryguard-plus,OZtrail Tasman 3 Person Dome Tent Camping Touring Offroad Family DryGuard PLUS,OZtrail,Wild Earth,,,,,2026-08-19T21:01:17Z
oztrail-oztrail-easy-fold-1-person-stretcher-tent-waterproof-camping-tent-new-au,OZtrail Easy Fold 1 Person Stretcher Tent - Waterproof Camping Tent,OZtrail,eBay AU,,,,,
oztrail-oztrail-easy-fold-1-person-stretcher-tent-waterproof-camping-tent-new-au,OZtrail Easy Fold 1 Person Stretcher Tent - Waterproof Camping Tent,OZtrail,Amazon AU,,,,,
oztrail-oztrail-easy-fold-1-person-stretcher-tent-waterproof-camping-tent-new-au,OZtrail Easy Fold 1 Person Stretcher Tent - Waterproof Camping Tent,OZtrail,BCF,,,,,2026-08-19T16:46:32Z
oztrail-oztrail-easy-fold-1-person-stretcher-tent-waterproof-camping-tent-new-au,OZtrail Easy Fold 1 Person Stretcher Tent - Waterproof Camping Tent,OZtrail,Anaconda,,,,,2026-08-15T21:35:41Z
oztrail-oztrail-easy-fold-1-person-stretcher-tent-waterproof-camping-tent-new-au,OZtrail Easy Fold 1 Person Stretcher Tent - Waterproof Camping Tent,OZtrail,Snowys,,,,,2026-08-19T15:49:09Z
oztrail-oztrail-easy-fold-1-person-stretcher-tent-waterproof-camping-tent-new-au,OZtrail Easy Fold 1 Person Stretcher Tent - Waterproof Camping Tent,OZtrail,Tentworld,,,,,2026-08-21T00:20:15Z
oztrail-oztrail-easy-fold-1-person-stretcher-tent-waterproof-camping-tent-new-au,OZtrail Easy Fold 1 Person Stretcher Tent - Waterproof Camping Tent,OZtrail,Wild Earth,,,,,2026-08-19T21:01:17Z
oztrail-oztrail-fast-frame-ensuite-double-tent-waterproof-2-person-camping-shelter,OZtrail Fast Frame Ensuite Double Tent - Waterproof 2 Person Camping Shelter,OZtrail,eBay AU,,,,,
oztrail-oztrail-fast-frame-ensuite-double-tent-waterproof-2-person-camping-shelter,OZtrail Fast Frame Ensuite Double Tent - Waterproof 2 Person Camping Shelter,OZtrail,Amazon AU,,,,,
oztrail-oztrail-fast-frame-ensuite-double-tent-waterproof-2-person-camping-shelter,OZtrail Fast Frame Ensuite Double Tent - Waterproof 2 Person Camping Shelter,OZtrail,BCF,,,,,2026-08-19T16:46:32Z
oztrail-oztrail-fast-frame-ensuite-double-tent-waterproof-2-person-camping-shelter,OZtrail Fast Frame Ensuite Double Tent - Waterproof 2 Person Camping Shelter,OZtrail,Anaconda,,,,,2026-08-15T21:35:41Z
oztrail-oztrail-fast-frame-ensuite-double-tent-waterproof-2-person-camping-shelter,OZtrail Fast Frame Ensuite Double Tent - Waterproof 2 Person Camping Shelter,OZtrail,Snowys,,,,,2026-08-19T15:49:09Z
oztrail-oztrail-fast-frame-ensuite-double-tent-waterproof-2-person-camping-shelter,OZtrail Fast Frame Ensuite Double Tent - Waterproof 2 Person Camping Shelter,OZtrail,Tentworld,,,,,2026-08-21T00:20:15Z
oztrail-oztrail-fast-frame-ensuite-double-tent-waterproof-2-person-camping-shelter,OZtrail Fast Frame Ensuite Double Tent - Waterproof 2 Person Camping Shelter,OZtrail,Wild Earth,,,,,2026-08-19T21:01:17Z
oztrail-oztrail-easy-fold-1-person-stretcher-tent-waterproof-camping-tent-2,OZtrail Easy Fold 1 Person Stretcher Tent - Waterproof Camping Tent,OZtrail,eBay AU,,,,,
oztrail-oztrail-easy-fold-1-person-stretcher-tent-waterproof-camping-tent-2,OZtrail Easy Fold 1 Person Stretcher Tent - Waterproof Camping Tent,OZtrail,Amazon AU,,,,,
oztrail-oztrail-easy-fold-1-person-stretcher-tent-waterproof-camping-tent-2,OZtrail Easy Fold 1 Person Stretcher Tent - Waterproof Camping Tent,OZtrail,BCF,,,,,2026-08-19T16:46:32Z
oztrail-oztrail-easy-fold-1-person-stretcher-tent-waterproof-camping-tent-2,OZtrail Easy Fold 1 Person Stretcher Tent - Waterproof Camping Tent,OZtrail,Anaconda,,,,,2026-08-15T21:35:41Z
oztrail-oztrail-easy-fold-1-person-stretcher-tent-waterproof-camping-tent-2,OZtrail Easy Fold 1 Person Stretcher Tent - Waterproof Camping Tent,OZtrail,Snowys,,,,,2026-08-19T15:49:09Z
oztrail-oztrail-easy-fold-1-person-stretcher-tent-waterproof-camping-tent-2,OZtrail Easy Fold 1 Person Stretcher Tent - Waterproof Camping Tent,OZtrail,Tentworld,,,,,2026-08-21T00:20:15Z
oztrail-oztrail-easy-fold-1-person-stretcher-tent-waterproof-camping-tent-2,OZtrail Easy Fold 1 Person Stretcher Tent - Waterproof Camping Tent,OZtrail,Wild Earth,,,,,2026-08-19T21:01:17Z
oztrail-oztrail-easy-fold-1-person-stretcher-tent-waterproof-camping-tent-3,OZtrail Easy Fold 1 Person Stretcher Tent - Waterproof Camping Tent,OZtrail,eBay AU,,,,,
oztrail-oztrail-easy-fold-1-person-stretcher-tent-waterproof-camping-tent-3,OZtrail Easy Fold 1 Person Stretcher Tent - Waterproof Camping Tent,OZtrail,Amazon AU,,,,,
oztrail-oztrail-easy-fold-1-person-stretcher-tent-waterproof-camping-tent-3,OZtrail Easy Fold 1 Person Stretcher Tent - Waterproof Camping Tent,OZtrail,BCF,,,,,2026-08-19T16:46:32Z
oztrail-oztrail-easy-fold-1-person-stretcher-tent-waterproof-camping-tent-3,OZtrail Easy Fold 1 Person Stretcher Tent - Waterproof Camping Tent,OZtrail,Anaconda,,,,,2026-08-15T21:35:41Z
oztrail-oztrail-easy-fold-1-person-stretcher-tent-waterproof-camping-tent-3,OZtrail Easy Fold 1 Person Stretcher Tent - Waterproof Camping Tent,OZtrail,Snowys,,,,,2026-08-19T15:49:09Z
oztrail-oztrail-easy-fold-1-person-stretcher-tent-waterproof-camping-tent-3,OZtrail Easy Fold 1 Person Stretcher Tent - Waterproof Camping Tent,OZtrail,Tentworld,,,,,2026-08-19T19:19:25Z
oztrail-oztrail-easy-fold-1-person-stretcher-tent-waterproof-camping-tent-3,OZtrail Easy Fold 1 Person Stretcher Tent - Waterproof Camping Tent,OZtrail,Wild Earth,,,,,2026-08-19T21:01:17Z
vango-vango-kruger-300-3-person-camping-hiking-tent-moroccan-blue-vte-kr300-q,Vango Kruger 300 3 Person Tent - Moroccan Blue (VTE-KR300-Q),Vango,eBay AU,,,,,
vango-vango-kruger-300-3-person-camping-hiking-tent-moroccan-blue-vte-kr300-q,Vango Kruger 300 3 Person Tent - Moroccan Blue (VTE-KR300-Q),Vango,Amazon AU,,,,,
vango-vango-kruger-300-3-person-camping-hiking-tent-moroccan-blue-vte-kr300-q,Vango Kruger 300 3 Person Tent - Moroccan Blue (VTE-KR300-Q),Vango,BCF,,,,,2026-08-19T16:46:32Z
vango-vango-kruger-300-3-person-camping-hiking-tent-moroccan-blue-vte-kr300-q,Vango Kruger 300 3 Person Tent - Moroccan Blue (VTE-KR300-Q),Vango,Anaconda,,,,,2026-08-15T21:35:41Z
vango-vango-kruger-300-3-person-camping-hiking-tent-moroccan-blue-vte-kr300-q,Vango Kruger 300 3 Person Tent - Moroccan Blue (VTE-KR300-Q),Vango,Snowys,,,,,2026-08-19T15:49:09Z
vango-vango-kruger-300-3-person-camping-hiking-tent-moroccan-blue-vte-kr300-q,Vango Kruger 300 3 Person Tent - Moroccan Blue (VTE-KR300-Q),Vango,Tentworld,,,,,2026-08-19T19:19:25Z
vango-vango-kruger-300-3-person-camping-hiking-tent-moroccan-blue-vte-kr300-q,Vango Kruger 300 3 Person Tent - Moroccan Blue (VTE-KR300-Q),Vango,Wild Earth,,,,,2026-08-19T21:01:17Z
vango-vango-sierra-300-3-person-camping-hiking-tent-herbal-vte-sie300-l,Vango Sierra 300 3 Person Tent - Herbal (VTE-SIE300-L),Vango,eBay AU,,,,,
vango-vango-sierra-300-3-person-camping-hiking-tent-herbal-vte-sie300-l,Vango Sierra 300 3 Person Tent - Herbal (VTE-SIE300-L),Vango,Amazon AU,,,,,
vango-vango-sierra-300-3-person-camping-hiking-tent-herbal-vte-sie300-l,Vango Sierra 300 3 Person Tent - Herbal (VTE-SIE300-L),Vango,BCF,,,,,2026-08-19T16:46:32Z
vango-vango-sierra-300-3-person-camping-hiking-tent-herbal-vte-sie300-l,Vango Sierra 300 3 Person Tent - Herbal (VTE-SIE300-L),Vango,Anaconda,,,,,2026-08-15T21:35:41Z
vango-vango-sierra-300-3-person-camping-hiking-tent-herbal-vte-sie300-l,Vango Sierra 300 3 Person Tent - Herbal (VTE-SIE300-L),Vango,Snowys,,,,,2026-08-19T15:49:09Z
vango-vango-sierra-300-3-person-camping-hiking-tent-herbal-vte-sie300-l,Vango Sierra 300 3 Person Tent - Herbal (VTE-SIE300-L),Vango,Tentworld,,,,,2026-08-19T19:19:25Z
vango-vango-sierra-300-3-person-camping-hiking-tent-herbal-vte-sie300-l,Vango Sierra 300 3 Person Tent - Herbal (VTE-SIE300-L),Vango,Wild Earth,,,,,2026-08-19T21:01:17Z
vango-vango-sierra-300-3-person-camping-hiking-tent-magma-vte-sie300-k,Vango Sierra 300 3 Person Tent - Magma (VTE-SIE300-K),Vango,eBay AU,,,,,
vango-vango-sierra-300-3-person-camping-hiking-tent-magma-vte-sie300-k,Vango Sierra 300 3 Person Tent - Magma (VTE-SIE300-K),Vango,Amazon AU,,,,,
vango-vango-sierra-300-3-person-camping-hiking-tent-magma-vte-sie300-k,Vango Sierra 300 3 Person Tent - Magma (VTE-SIE300-K),Vango,BCF,,,,,2026-08-19T16:46:32Z
vango-vango-sierra-300-3-person-camping-hiking-tent-magma-vte-sie300-k,Vango Sierra 300 3 Person Tent - Magma (VTE-SIE300-K),Vango,Anaconda,,,,,2026-08-15T21:35:41Z
vango-vango-sierra-300-3-person-camping-hiking-tent-magma-vte-sie300-k,Vango Sierra 300 3 Person Tent - Magma (VTE-SIE300-K),Vango,Snowys,,,,,2026-08-19T15:49:09Z
vango-vango-sierra-300-3-person-camping-hiking-tent-magma-vte-sie300-k,Vango Sierra 300 3 Person Tent - Magma (VTE-SIE300-K),Vango,Tentworld,,,,,2026-08-19T19:19:25Z
vango-vango-sierra-300-3-person-camping-hiking-tent-magma-vte-sie300-k,Vango Sierra 300 3 Person Tent - Magma (VTE-SIE300-K),Vango,Wild Earth,,,,,2026-08-19T21:01:17Z
vango-vango-spirit-200-2-person-camping-hiking-tent-pine-vte-spi200-9,Vango Spirit 200 2 Person Tent - Pine (VTE-SPI200-9),Vango,eBay AU,,,,,
vango-vango-spirit-200-2-person-camping-hiking-tent-pine-vte-spi200-9,Vango Spirit 200 2 Person Tent - Pine (VTE-SPI200-9),Vango,Amazon AU,,,,,
vango-vango-spirit-200-2-person-camping-hiking-tent-pine-vte-spi200-9,Vango Spirit 200 2 Person Tent - Pine (VTE-SPI200-9),Vango,BCF,,,,,2026-08-19T16:46:32Z
vango-vango-spirit-200-2-person-camping-hiking-tent-pine-vte-spi200-9,Vango Spirit 200 2 Person Tent - Pine (VTE-SPI200-9),Vango,Anaconda,,,,,2026-08-15T21:35:41Z
vango-vango-spirit-200-2-person-camping-hiking-tent-pine-vte-spi200-9,Vango Spirit 200 2 Person Tent - Pine (VTE-SPI200-9),Vango,Snowys,,,,,2026-08-19T15:49:09Z
vango-vango-spirit-200-2-person-camping-hiking-tent-pine-vte-spi200-9,Vango Spirit 200 2 Person Tent - Pine (VTE-SPI200-9),Vango,Tentworld,,,,,2026-08-19T19:19:25Z
vango-vango-spirit-200-2-person-camping-hiking-tent-pine-vte-spi200-9,Vango Spirit 200 2 Person Tent - Pine (VTE-SPI200-9),Vango,Wild Earth,,,,,2026-08-19T21:01:17Z
coleman-instant-up-swagger-1-3-person-tent-8,"Instant up Swagger 1, 3 Person Tent",Coleman,eBay AU,,,,,
coleman-instant-up-swagger-1-3-person-tent-8,"Instant up Swagger 1, 3 Person Tent",Coleman,Amazon AU,,,,,
coleman-instant-up-swagger-1-3-person-tent-8,"Instant up Swagger 1, 3 Person Tent",Coleman,BCF,,,,,2026-08-19T16:46:32Z
coleman-instant-up-swagger-1-3-person-tent-8,"Instant up Swagger 1, 3 Person Tent",Coleman,Anaconda,,,,,2026-08-15T21:35:41Z
coleman-instant-up-swagger-1-3-person-tent-8,"Instant up Swagger 1, 3 Person Tent",Coleman,Snowys,,,,,2026-08-19T15:49:09Z
coleman-instant-up-swagger-1-3-person-tent-8,"Instant up Swagger 1, 3 Person Tent",Coleman,Tentworld,,,,,2026-08-19T19:19:25Z
coleman-instant-up-swagger-1-3-person-tent-8,"Instant up Swagger 1, 3 Person Tent",Coleman,Wild Earth,,,,,2026-08-19T21:01:17Z
coleman-coleman-double-instant-up-ensuite-tent-camping-hiking-outdoor-shower-toilet-tent,Coleman Double Instant Up Ensuite Tent Shower Toilet Tent,Coleman,eBay AU,,,,,
coleman-coleman-double-instant-up-ensuite-tent-camping-hiking-outdoor-shower-toilet-tent,Coleman Double Instant Up Ensuite Tent Shower Toilet Tent,Coleman,Amazon AU,,,,,
coleman-coleman-double-instant-up-ensuite-tent-camping-hiking-outdoor-shower-toilet-tent,Coleman Double Instant Up Ensuite Tent Shower Toilet Tent,Coleman,BCF,,,,,2026-08-19T16:46:32Z
coleman-coleman-double-instant-up-ensuite-tent-camping-hiking-outdoor-shower-toilet-tent,Coleman Double Instant Up Ensuite Tent Shower Toilet Tent,Coleman,Anaconda,,,,,2026-08-15T21:35:41Z
coleman-coleman-double-instant-up-ensuite-tent-camping-hiking-outdoor-shower-toilet-tent,Coleman Double Instant Up Ensuite Tent Shower Toilet Tent,Coleman,Snowys,,,,,2026-08-19T15:49:09Z
coleman-coleman-double-instant-up-ensuite-tent-camping-hiking-outdoor-shower-toilet-tent,Coleman Double Instant Up Ensuite Tent Shower Toilet Tent,Coleman,Tentworld,,,,,2026-08-19T19:19:25Z
coleman-coleman-double-instant-up-ensuite-tent-camping-hiking-outdoor-shower-toilet-tent,Coleman Double Instant Up Ensuite Tent Shower Toilet Tent,Coleman,Wild Earth,,,,,2026-08-19T21:01:17Z
coleman-coleman-double-instant-up-ensuite-tent-camping-hiking-outdoor-shower-toilet-tent-2,Coleman Double Instant Up Ensuite Tent Shower Toilet Tent,Coleman,eBay AU,,,,,
coleman-coleman-double-instant-up-ensuite-tent-camping-hiking-outdoor-shower-toilet-tent-2,Coleman Double Instant Up Ensuite Tent Shower Toilet Tent,Coleman,Amazon AU,,,,,
coleman-coleman-double-instant-up-ensuite-tent-camping-hiking-outdoor-shower-toilet-tent-2,Coleman Double Instant Up Ensuite Tent Shower Toilet Tent,Coleman,BCF,,,,,2026-08-19T16:46:32Z
coleman-coleman-double-instant-up-ensuite-tent-camping-hiking-outdoor-shower-toilet-tent-2,Coleman Double Instant Up Ensuite Tent Shower Toilet Tent,Coleman,Anaconda,,,,,2026-08-15T21:35:41Z
coleman-coleman-double-instant-up-ensuite-tent-camping-hiking-outdoor-shower-toilet-tent-2,Coleman Double Instant Up Ensuite Tent Shower Toilet Tent,Coleman,Snowys,,,,,2026-08-19T15:49:09Z
coleman-coleman-double-instant-up-ensuite-tent-camping-hiking-outdoor-shower-toilet-tent-2,Coleman Double Instant Up Ensuite Tent Shower Toilet Tent,Coleman,Tentworld,,,,,2026-08-19T19:19:25Z
coleman-coleman-double-instant-up-ensuite-tent-camping-hiking-outdoor-shower-toilet-tent-2,Coleman Double Instant Up Ensuite Tent Shower Toilet Tent,Coleman,Wild Earth,,,,,2026-08-19T21:01:17Z
coleman-coleman-double-instant-up-ensuite-tent-camping-hiking-outdoor-shower-toilet-tent-3,Coleman Double Instant Up Ensuite Tent Shower Toilet Tent,Coleman,eBay AU,,,,,
coleman-coleman-double-instant-up-ensuite-tent-camping-hiking-outdoor-shower-toilet-tent-3,Coleman Double Instant Up Ensuite Tent Shower Toilet Tent,Coleman,Amazon AU,,,,,
coleman-coleman-double-instant-up-ensuite-tent-camping-hiking-outdoor-shower-toilet-tent-3,Coleman Double Instant Up Ensuite Tent Shower Toilet Tent,Coleman,BCF,,,,,2026-08-19T16:46:32Z
coleman-coleman-double-instant-up-ensuite-tent-camping-hiking-outdoor-shower-toilet-tent-3,Coleman Double Instant Up Ensuite Tent Shower Toilet Tent,Coleman,Anaconda,,,,,2026-08-15T21:35:41Z
coleman-coleman-double-instant-up-ensuite-tent-camping-hiking-outdoor-shower-toilet-tent-3,Coleman Double Instant Up Ensuite Tent Shower Toilet Tent,Coleman,Snowys,,,,,2026-08-19T15:49:09Z
coleman-coleman-double-instant-up-ensuite-tent-camping-hiking-outdoor-shower-toilet-tent-3,Coleman Double Instant Up Ensuite Tent Shower Toilet Tent,Coleman,Tentworld,,,,,2026-08-19T19:19:25Z
coleman-coleman-double-instant-up-ensuite-tent-camping-hiking-outdoor-shower-toilet-tent-3,Coleman Double Instant Up Ensuite Tent Shower Toilet Tent,Coleman,Wild Earth,,,,,2026-08-19T21:01:17Z
coleman-coleman-double-instant-up-ensuite-tent-camping-hiking-outdoor-shower-toilet-tent-4,Coleman Double Instant Up Ensuite Tent Shower Toilet Tent,Coleman,eBay AU,,,,,
coleman-coleman-double-instant-up-ensuite-tent-camping-hiking-outdoor-shower-toilet-tent-4,Coleman Double Instant Up Ensuite Tent Shower Toilet Tent,Coleman,Amazon AU,,,,,
coleman-coleman-double-instant-up-ensuite-tent-camping-hiking-outdoor-shower-toilet-tent-4,Coleman Double Instant Up Ensuite Tent Shower Toilet Tent,Coleman,BCF,,,,,2026-08-19T16:46:32Z
coleman-coleman-double-instant-up-ensuite-tent-camping-hiking-outdoor-shower-toilet-tent-4,Coleman Double Instant Up Ensuite Tent Shower Toilet Tent,Coleman,Anaconda,,,,,2026-08-15T21:35:41Z
coleman-coleman-double-instant-up-ensuite-tent-camping-hiking-outdoor-shower-toilet-tent-4,Coleman Double Instant Up Ensuite Tent Shower Toilet Tent,Coleman,Snowys,,,,,2026-08-19T15:49:09Z
coleman-coleman-double-instant-up-ensuite-tent-camping-hiking-outdoor-shower-toilet-tent-4,Coleman Double Instant Up Ensuite Tent Shower Toilet Tent,Coleman,Tentworld,,,,,2026-08-19T19:19:25Z
coleman-coleman-double-instant-up-ensuite-tent-camping-hiking-outdoor-shower-toilet-tent-4,Coleman Double Instant Up Ensuite Tent Shower Toilet Tent,Coleman,Wild Earth,,,,,2026-08-19T21:01:17Z
oztrail-oztrail-easy-fold-1-person-stretcher-tent-waterproof-camping-tent-4,OZtrail Easy Fold 1 Person Stretcher Tent - Waterproof Camping Tent,OZtrail,eBay AU,,,,,
oztrail-oztrail-easy-fold-1-person-stretcher-tent-waterproof-camping-tent-4,OZtrail Easy Fold 1 Person Stretcher Tent - Waterproof Camping Tent,OZtrail,Amazon AU,,,,,
oztrail-oztrail-easy-fold-1-person-stretcher-tent-waterproof-camping-tent-4,OZtrail Easy Fold 1 Person Stretcher Tent - Waterproof Camping Tent,OZtrail,BCF,,,,,2026-08-19T16:46:32Z
oztrail-oztrail-easy-fold-1-person-stretcher-tent-waterproof-camping-tent-4,OZtrail Easy Fold 1 Person Stretcher Tent - Waterproof Camping Tent,OZtrail,Anaconda,,,,,2026-08-16T21:33:48Z
oztrail-oztrail-easy-fold-1-person-stretcher-tent-waterproof-camping-tent-4,OZtrail Easy Fold 1 Person Stretcher Tent - Waterproof Camping Tent,OZtrail,Snowys,,,,,2026-08-19T15:49:09Z
oztrail-oztrail-easy-fold-1-person-stretcher-tent-waterproof-camping-tent-4,OZtrail Easy Fold 1 Person Stretcher Tent - Waterproof Camping Tent,OZtrail,Tentworld,,,,,2026-08-19T19:19:25Z
oztrail-oztrail-easy-fold-1-person-stretcher-tent-waterproof-camping-tent-4,OZtrail Easy Fold 1 Person Stretcher Tent - Waterproof Camping Tent,OZtrail,Wild Earth,,,,,2026-08-19T21:01:17Z
oztrail-oztrail-easy-fold-1-person-stretcher-tent-waterproof-camping-tent-5,OZtrail Easy Fold 1 Person Stretcher Tent - Waterproof Camping Tent,OZtrail,eBay AU,,,,,
oztrail-oztrail-easy-fold-1-person-stretcher-tent-waterproof-camping-tent-5,OZtrail Easy Fold 1 Person Stretcher Tent - Waterproof Camping Tent,OZtrail,Amazon AU,,,,,
oztrail-oztrail-easy-fold-1-person-stretcher-tent-waterproof-camping-tent-5,OZtrail Easy Fold 1 Person Stretcher Tent - Waterproof Camping Tent,OZtrail,BCF,,,,,2026-08-19T16:46:32Z
oztrail-oztrail-easy-fold-1-person-stretcher-tent-waterproof-camping-tent-5,OZtrail Easy Fold 1 Person Stretcher Tent - Waterproof Camping Tent,OZtrail,Anaconda,,,,,2026-08-16T21:33:48Z
oztrail-oztrail-easy-fold-1-person-stretcher-tent-waterproof-camping-tent-5,OZtrail Easy Fold 1 Person Stretcher Tent - Waterproof Camping Tent,OZtrail,Snowys,,,,,2026-08-19T15:49:09Z
oztrail-oztrail-easy-fold-1-person-stretcher-tent-waterproof-camping-tent-5,OZtrail Easy Fold 1 Person Stretcher Tent - Waterproof Camping Tent,OZtrail,Tentworld,,,,,2026-08-19T19:19:25Z
oztrail-oztrail-easy-fold-1-person-stretcher-tent-waterproof-camping-tent-5,OZtrail Easy Fold 1 Person Stretcher Tent - Waterproof Camping Tent,OZtrail,Wild Earth,,,,,2026-08-19T21:01:17Z
oztrail-oztrail-tasman-6-person-dome-tent-camping-touring-offroad-family-hiking-tent-new,OZtrail Tasman 6 Person Dome Tent Camping Touring Offroad Family Hiking Tent,OZtrail,eBay AU,,,,,
oztrail-oztrail-tasman-6-person-dome-tent-camping-touring-offroad-family-hiking-tent-new,OZtrail Tasman 6 Person Dome Tent Camping Touring Offroad Family Hiking Tent,OZtrail,Amazon AU,,,,,
oztrail-oztrail-tasman-6-person-dome-tent-camping-touring-offroad-family-hiking-tent-new,OZtrail Tasman 6 Person Dome Tent Camping Touring Offroad Family Hiking Tent,OZtrail,BCF,,,,,2026-08-19T16:46:32Z
oztrail-oztrail-tasman-6-person-dome-tent-camping-touring-offroad-family-hiking-tent-new,OZtrail Tasman 6 Person Dome Tent Camping Touring Offroad Family Hiking Tent,OZtrail,Anaconda,,,,,2026-08-16T21:33:48Z
oztrail-oztrail-tasman-6-person-dome-tent-camping-touring-offroad-family-hiking-tent-new,OZtrail Tasman 6 Person Dome Tent Camping Touring Offroad Family Hiking Tent,OZtrail,Snowys,,,,,2026-08-19T15:49:09Z
oztrail-oztrail-tasman-6-person-dome-tent-camping-touring-offroad-family-hiking-tent-new,OZtrail Tasman 6 Person Dome Tent Camping Touring Offroad Family Hiking Tent,OZtrail,Tentworld,,,,,2026-08-19T19:19:25Z
oztrail-oztrail-tasman-6-person-dome-tent-camping-touring-offroad-family-hiking-tent-new,OZtrail Tasman 6 Person Dome Tent Camping Touring Offroad Family Hiking Tent,OZtrail,Wild Earth,,,,,2026-08-19T21:01:17Z
oztrail-oztrail-hightower-mansion-8-person-tent-camping-outdoors-4wd-swag-bush,OZtrail Hightower Mansion 8 Person Tent Camping Outdoors 4WD Swag Bush,OZtrail,eBay AU,,,,,
oztrail-oztrail-hightower-mansion-8-person-tent-camping-outdoors-4wd-swag-bush,OZtrail Hightower Mansion 8 Person Tent Camping Outdoors 4WD Swag Bush,OZtrail,Amazon AU,,,,,
oztrail-oztrail-hightower-mansion-8-person-tent-camping-outdoors-4wd-swag-bush,OZtrail Hightower Mansion 8 Person Tent Camping Outdoors 4WD Swag Bush,OZtrail,BCF,,,,,2026-08-19T16:46:32Z
oztrail-oztrail-hightower-mansion-8-person-tent-camping-outdoors-4wd-swag-bush,OZtrail Hightower Mansion 8 Person Tent Camping Outdoors 4WD Swag Bush,OZtrail,Anaconda,,,,,2026-08-16T21:33:48Z
oztrail-oztrail-hightower-mansion-8-person-tent-camping-outdoors-4wd-swag-bush,OZtrail Hightower Mansion 8 Person Tent Camping Outdoors 4WD Swag Bush,OZtrail,Snowys,,,,,2026-08-19T15:49:09Z
oztrail-oztrail-hightower-mansion-8-person-tent-camping-outdoors-4wd-swag-bush,OZtrail Hightower Mansion 8 Person Tent Camping Outdoors 4WD Swag Bush,OZtrail,Tentworld,,,,,2026-08-19T19:19:25Z
oztrail-oztrail-hightower-mansion-8-person-tent-camping-outdoors-4wd-swag-bush,OZtrail Hightower Mansion 8 Person Tent Camping Outdoors 4WD Swag Bush,OZtrail,Wild Earth,,,,,2026-08-19T21:01:17Z
oztrail-oztrail-hightower-mansion-10-person-tent-camping-outdoors-4wd-swag-bush,OZtrail Hightower Mansion 10 Person Tent Camping Outdoors 4WD Swag Bush,OZtrail,eBay AU,,,,,
oztrail-oztrail-hightower-mansion-10-person-tent-camping-outdoors-4wd-swag-bush,OZtrail Hightower Mansion 10 Person Tent Camping Outdoors 4WD Swag Bush,OZtrail,Amazon AU,,,,,
oztrail-oztrail-hightower-mansion-10-person-tent-camping-outdoors-4wd-swag-bush,OZtrail Hightower Mansion 10 Person Tent Camping Outdoors 4WD Swag Bush,OZtrail,BCF,,,,,2026-08-19T16:46:32Z
oztrail-oztrail-hightower-mansion-10-person-tent-camping-outdoors-4wd-swag-bush,OZtrail Hightower Mansion 10 Person Tent Camping Outdoors 4WD Swag Bush,OZtrail,Anaconda,,,,,2026-08-16T21:33:48Z
oztrail-oztrail-hightower-mansion-10-person-tent-camping-outdoors-4wd-swag-bush,OZtrail Hightower Mansion 10 Person Tent Camping Outdoors 4WD Swag Bush,OZtrail,Snowys,,,,,2026-08-19T15:49:09Z
oztrail-oztrail-hightower-mansion-10-person-tent-camping-outdoors-4wd-swag-bush,OZtrail Hightower Mansion 10 Person Tent Camping Outdoors 4WD Swag Bush,OZtrail,Tentworld,,,,,2026-08-19T19:19:25Z
oztrail-oztrail-hightower-mansion-10-person-tent-camping-outdoors-4wd-swag-bush,OZtrail Hightower Mansion 10 Person Tent Camping Outdoors 4WD Swag Bush,OZtrail,Wild Earth,,,,,2026-08-19T21:01:17Z
coleman-coleman-double-instant-up-ensuite-tent-camping-hiking-outdoor-shower-toilet-tent-5,Coleman Double Instant Up Ensuite Tent Shower Toilet Tent,Coleman,eBay AU,,,,,
coleman-coleman-double-instant-up-ensuite-tent-camping-hiking-outdoor-shower-toilet-tent-5,Coleman Double Instant Up Ensuite Tent Shower Toilet Tent,Coleman,Amazon AU,,,,,
coleman-coleman-double-instant-up-ensuite-tent-camping-hiking-outdoor-shower-toilet-tent-5,Coleman Double Instant Up Ensuite Tent Shower Toilet Tent,Coleman,BCF,,,,,2026-08-19T16:46:32Z
coleman-coleman-double-instant-up-ensuite-tent-camping-hiking-outdoor-shower-toilet-tent-5,Coleman Double Instant Up Ensuite Tent Shower Toilet Tent,Coleman,Anaconda,,,,,2026-08-16T21:33:48Z
coleman-coleman-double-instant-up-ensuite-tent-camping-hiking-outdoor-shower-toilet-tent-5,Coleman Double Instant Up Ensuite Tent Shower Toilet Tent,Coleman,Snowys,,,,,2026-08-19T15:49:09Z
coleman-coleman-double-instant-up-ensuite-tent-camping-hiking-outdoor-shower-toilet-tent-5,Coleman Double Instant Up Ensuite Tent Shower Toilet Tent,Coleman,Tentworld,,,,,2026-08-19T19:19:25Z
coleman-coleman-double-instant-up-ensuite-tent-camping-hiking-outdoor-shower-toilet-tent-5,Coleman Double Instant Up Ensuite Tent Shower Toilet Tent,Coleman,Wild Earth,,,,,2026-08-19T21:01:17Z
coleman-instant-up-swagger-1-3-person-tent-9,"Instant up Swagger 1, 3 Person Tent",Coleman,eBay AU,,,,,
coleman-instant-up-swagger-1-3-person-tent-9,"Instant up Swagger 1, 3 Person Tent",Coleman,Amazon AU,,,,,
coleman-instant-up-swagger-1-3-person-tent-9,"Instant up Swagger 1, 3 Person Tent",Coleman,BCF,,,,,2026-08-19T16:46:32Z
coleman-instant-up-swagger-1-3-person-tent-9,"Instant up Swagger 1, 3 Person Tent",Coleman,Anaconda,,,,,2026-08-16T21:33:48Z
coleman-instant-up-swagger-1-3-person-tent-9,"Instant up Swagger 1, 3 Person Tent",Coleman,Snowys,,,,,2026-08-19T15:49:09Z
coleman-instant-up-swagger-1-3-person-tent-9,"Instant up Swagger 1, 3 Person Tent",Coleman,Tentworld,223.99,https://www.tentworld.com.au/buy-sale/coleman-3-person-swagger-instant-up-tent,,,2026-08-19T00:36:01Z
coleman-instant-up-swagger-1-3-person-tent-9,"Instant up Swagger 1, 3 Person Tent",Coleman,Wild Earth,,,,,2026-08-19T21:01:17Z
coleman-coleman-double-instant-up-ensuite-tent-camping-hiking-outdoor-shower-toilet-tent-6,Coleman Double Instant Up Ensuite Tent Shower Toilet Tent,Coleman,eBay AU,,,,,
coleman-coleman-double-instant-up-ensuite-tent-camping-hiking-outdoor-shower-toilet-tent-6,Coleman Double Instant Up Ensuite Tent Shower Toilet Tent,Coleman,Amazon AU,,,,,
coleman-coleman-double-instant-up-ensuite-tent-camping-hiking-outdoor-shower-toilet-tent-6,Coleman Double Instant Up Ensuite Tent Shower Toilet Tent,Coleman,BCF,,,,,2026-08-19T16:46:32Z
coleman-coleman-double-instant-up-ensuite-tent-camping-hiking-outdoor-shower-toilet-tent-6,Coleman Double Instant Up Ensuite Tent Shower Toilet Tent,Coleman,Anaconda,,,,,2026-08-16T21:33:48Z
coleman-coleman-double-instant-up-ensuite-tent-camping-hiking-outdoor-shower-toilet-tent-6,Coleman Double Instant Up Ensuite Tent Shower Toilet Tent,Coleman,Snowys,,,,,2026-08-19T15:49:09Z
coleman-coleman-double-instant-up-ensuite-tent-camping-hiking-outdoor-shower-toilet-tent-6,Coleman Double Instant Up Ensuite Tent Shower Toilet Tent,Coleman,Tentworld,,,,,2026-08-19T19:19:25Z
coleman-coleman-double-instant-up-ensuite-tent-camping-hiking-outdoor-shower-toilet-tent-6,Coleman Double Instant Up Ensuite Tent Shower Toilet Tent,Coleman,Wild Earth,,,,,2026-08-19T21:01:17Z
coleman-instant-up-swagger-1-3-person-tent-10,"Instant up Swagger 1, 3 Person Tent",Coleman,eBay AU,,,,,
coleman-instant-up-swagger-1-3-person-tent-10,"Instant up Swagger 1, 3 Person Tent",Coleman,Amazon AU,,,,,
coleman-instant-up-swagger-1-3-person-tent-10,"Instant up Swagger 1, 3 Person Tent",Coleman,BCF,,,,,2026-08-19T16:46:32Z
coleman-instant-up-swagger-1-3-person-tent-10,"Instant up Swagger 1, 3 Person Tent",Coleman,Anaconda,,,,,2026-08-16T21:33:48Z
coleman-instant-up-swagger-1-3-person-tent-10,"Instant up Swagger 1, 3 Person Tent",Coleman,Snowys,,,,,2026-08-19T15:49:09Z
coleman-instant-up-swagger-1-3-person-tent-10,"Instant up Swagger 1, 3 Person Tent",Coleman,Tentworld,223.99,https://www.tentworld.com.au/buy-sale/coleman-3-person-swagger-instant-up-tent,,,2026-08-19T00:36:01Z
coleman-instant-up-swagger-1-3-person-tent-10,"Instant up Swagger 1, 3 Person Tent",Coleman,Wild Earth,,,,,2026-08-19T21:01:17Z
branded-coleman-double-instant-up-ensuite-tent-camping-hiking-outdoor-shower-toilet-tent,Coleman Double Instant Up Ensuite Tent Shower Toilet Tent,Branded,eBay AU,,,,,
branded-coleman-double-instant-up-ensuite-tent-camping-hiking-outdoor-shower-toilet-tent,Coleman Double Instant Up Ensuite Tent Shower Toilet Tent,Branded,Amazon AU,,,,,
branded-coleman-double-instant-up-ensuite-tent-camping-hiking-outdoor-shower-toilet-tent,Coleman Double Instant Up Ensuite Tent Shower Toilet Tent,Branded,BCF,,,,,2026-08-19T16:46:32Z
branded-coleman-double-instant-up-ensuite-tent-camping-hiking-outdoor-shower-toilet-tent,Coleman Double Instant Up Ensuite Tent Shower Toilet Tent,Branded,Anaconda,,,,,2026-08-16T21:33:48Z
branded-coleman-double-instant-up-ensuite-tent-camping-hiking-outdoor-shower-toilet-tent,Coleman Double Instant Up Ensuite Tent Shower Toilet Tent,Branded,Snowys,,,,,2026-08-19T15:49:09Z
branded-coleman-double-instant-up-ensuite-tent-camping-hiking-outdoor-shower-toilet-tent,Coleman Double Instant Up Ensuite Tent Shower Toilet Tent,Branded,Tentworld,,,,,2026-08-19T19:19:25Z
branded-coleman-double-instant-up-ensuite-tent-camping-hiking-outdoor-shower-toilet-tent,Coleman Double Instant Up Ensuite Tent Shower Toilet Tent,Branded,Wild Earth,,,,,2026-08-19T21:01:17Z
oztrail-oztrail-210cm-pop-up-dressing-toilet-shower-double-ensuite-tent-outdoor-camping,OZTRAIL 210cm Pop up Dressing Toilet Shower Double Ensuite Tent,OZTRAIL,eBay AU,,,,,
oztrail-oztrail-210cm-pop-up-dressing-toilet-shower-double-ensuite-tent-outdoor-camping,OZTRAIL 210cm Pop up Dressing Toilet Shower Double Ensuite Tent,OZTRAIL,Amazon AU,,,,,
oztrail-oztrail-210cm-pop-up-dressing-toilet-shower-double-ensuite-tent-outdoor-camping,OZTRAIL 210cm Pop up Dressing Toilet Shower Double Ensuite Tent,OZTRAIL,BCF,,,,,2026-08-19T16:46:32Z
oztrail-oztrail-210cm-pop-up-dressing-toilet-shower-double-ensuite-tent-outdoor-camping,OZTRAIL 210cm Pop up Dressing Toilet Shower Double Ensuite Tent,OZTRAIL,Anaconda,,,,,2026-08-16T21:33:48Z
oztrail-oztrail-210cm-pop-up-dressing-toilet-shower-double-ensuite-tent-outdoor-camping,OZTRAIL 210cm Pop up Dressing Toilet Shower Double Ensuite Tent,OZTRAIL,Snowys,,,,,2026-08-19T15:49:09Z
oztrail-oztrail-210cm-pop-up-dressing-toilet-shower-double-ensuite-tent-outdoor-camping,OZTRAIL 210cm Pop up Dressing Toilet Shower Double Ensuite Tent,OZTRAIL,Tentworld,,,,,2026-08-19T19:19:25Z
oztrail-oztrail-210cm-pop-up-dressing-toilet-shower-double-ensuite-tent-outdoor-camping,OZTRAIL 210cm Pop up Dressing Toilet Shower Double Ensuite Tent,OZTRAIL,Wild Earth,,,,,2026-08-19T21:01:17Z
oztrail-oztrail-flinders-discovery-green-double-swag-hiking-camping-dome-outdoor-tent,OZTRAIL Flinders Discovery Green Double Swag Hiking/Camping Dome Outdoor Tent,OZTRAIL,eBay AU,,,,,
oztrail-oztrail-flinders-discovery-green-double-swag-hiking-camping-dome-outdoor-tent,OZTRAIL Flinders Discovery Green Double Swag Hiking/Camping Dome Outdoor Tent,OZTRAIL,Amazon AU,,,,,
oztrail-oztrail-flinders-discovery-green-double-swag-hiking-camping-dome-outdoor-tent,OZTRAIL Flinders Discovery Green Double Swag Hiking/Camping Dome Outdoor Tent,OZTRAIL,BCF,,,,,2026-08-19T16:46:32Z
oztrail-oztrail-flinders-discovery-green-double-swag-hiking-camping-dome-outdoor-tent,OZTRAIL Flinders Discovery Green Double Swag Hiking/Camping Dome Outdoor Tent,OZTRAIL,Anaconda,,,,,2026-08-16T21:33:48Z
oztrail-oztrail-flinders-discovery-green-double-swag-hiking-camping-dome-outdoor-tent,OZTRAIL Flinders Discovery Green Double Swag Hiking/Camping Dome Outdoor Tent,OZTRAIL,Snowys,,,,,2026-08-19T15:49:09Z
oztrail-oztrail-flinders-discovery-green-double-swag-hiking-camping-dome-outdoor-tent,OZTRAIL Flinders Discovery Green Double Swag Hiking/Camping Dome Outdoor Tent,OZTRAIL,Tentworld,,,,,2026-08-19T19:19:25Z
oztrail-oztrail-flinders-discovery-green-double-swag-hiking-camping-dome-outdoor-tent,OZTRAIL Flinders Discovery Green Double Swag Hiking/Camping Dome Outdoor Tent,OZTRAIL,Wild Earth,,,,,2026-08-19T21:01:17Z
oztrail-oztrail-ensuite-225cm-dressing-toilet-shower-privacy-duo-tent-outdoor-camping,OZtrail Ensuite 225cm Dressing Toilet Shower Privacy Duo Tent,OZtrail,eBay AU,,,,,
oztrail-oztrail-ensuite-225cm-dressing-toilet-shower-privacy-duo-tent-outdoor-camping,OZtrail Ensuite 225cm Dressing Toilet Shower Privacy Duo Tent,OZtrail,Amazon AU,,,,,
oztrail-oztrail-ensuite-225cm-dressing-toilet-shower-privacy-duo-tent-outdoor-camping,OZtrail Ensuite 225cm Dressing Toilet Shower Privacy Duo Tent,OZtrail,BCF,,,,,2026-08-19T16:46:32Z
oztrail-oztrail-ensuite-225cm-dressing-toilet-shower-privacy-duo-tent-outdoor-camping,OZtrail Ensuite 225cm Dressing Toilet Shower Privacy Duo Tent,OZtrail,Anaconda,,,,,2026-08-16T21:33:48Z
oztrail-oztrail-ensuite-225cm-dressing-toilet-shower-privacy-duo-tent-outdoor-camping,OZtrail Ensuite 225cm Dressing Toilet Shower Privacy Duo Tent,OZtrail,Snowys,,,,,2026-08-19T15:49:09Z
oztrail-oztrail-ensuite-225cm-dressing-toilet-shower-privacy-duo-tent-outdoor-camping,OZtrail Ensuite 225cm Dressing Toilet Shower Privacy Duo Tent,OZtrail,Tentworld,,,,,2026-08-19T19:19:25Z
oztrail-oztrail-ensuite-225cm-dressing-toilet-shower-privacy-duo-tent-outdoor-camping,OZtrail Ensuite 225cm Dressing Toilet Shower Privacy Duo Tent,OZtrail,Wild Earth,,,,,2026-08-19T21:01:17Z
oztrail-oztrail-flinders-discovery-double-swag-dome-outdoor-camping-hiking-tent-green,OZTRAIL Flinders Discovery Double Swag Dome Outdoor Camping/Hiking Tent Green,OZTRAIL,eBay AU,,,,,
oztrail-oztrail-flinders-discovery-double-swag-dome-outdoor-camping-hiking-tent-green,OZTRAIL Flinders Discovery Double Swag Dome Outdoor Camping/Hiking Tent Green,OZTRAIL,Amazon AU,,,,,
oztrail-oztrail-flinders-discovery-double-swag-dome-outdoor-camping-hiking-tent-green,OZTRAIL Flinders Discovery Double Swag Dome Outdoor Camping/Hiking Tent Green,OZTRAIL,BCF,,,,,2026-08-19T16:46:32Z
oztrail-oztrail-flinders-discovery-double-swag-dome-outdoor-camping-hiking-tent-green,OZTRAIL Flinders Discovery Double Swag Dome Outdoor Camping/Hiking Tent Green,OZTRAIL,Anaconda,,,,,2026-08-16T21:33:48Z
oztrail-oztrail-flinders-discovery-double-swag-dome-outdoor-camping-hiking-tent-green,OZTRAIL Flinders Discovery Double Swag Dome Outdoor Camping/Hiking Tent Green,OZTRAIL,Snowys,,,,,2026-08-19T15:49:09Z
oztrail-oztrail-flinders-discovery-double-swag-dome-outdoor-camping-hiking-tent-green,OZTRAIL Flinders Discovery Double Swag Dome Outdoor Camping/Hiking Tent Green,OZTRAIL,Tentworld,,,,,2026-08-19T19:19:25Z
oztrail-oztrail-flinders-discovery-double-swag-dome-outdoor-camping-hiking-tent-green,OZTRAIL Flinders Discovery Double Swag Dome Outdoor Camping/Hiking Tent Green,OZTRAIL,Wild Earth,,,,,2026-08-19T21:01:17Z
oztrail-oztrail-pop-up-210cm-double-ensuite-shower-dressing-toilet-outdoor-camping-tent,OZTRAIL Pop up 210cm Double Ensuite Shower Dressing Toilet Outdoor Camping Tent,OZTRAIL,eBay AU,,,,,
oztrail-oztrail-pop-up-210cm-double-ensuite-shower-dressing-toilet-outdoor-camping-tent,OZTRAIL Pop up 210cm Double Ensuite Shower Dressing Toilet Outdoor Camping Tent,OZTRAIL,Amazon AU,,,,,
oztrail-oztrail-pop-up-210cm-double-ensuite-shower-dressing-toilet-outdoor-camping-tent,OZTRAIL Pop up 210cm Double Ensuite Shower Dressing Toilet Outdoor Camping Tent,OZTRAIL,BCF,,,,,2026-08-19T16:46:32Z
oztrail-oztrail-pop-up-210cm-double-ensuite-shower-dressing-toilet-outdoor-camping-tent,OZTRAIL Pop up 210cm Double Ensuite Shower Dressing Toilet Outdoor Camping Tent,OZTRAIL,Anaconda,,,,,2026-08-16T21:33:48Z
oztrail-oztrail-pop-up-210cm-double-ensuite-shower-dressing-toilet-outdoor-camping-tent,OZTRAIL Pop up 210cm Double Ensuite Shower Dressing Toilet Outdoor Camping Tent,OZTRAIL,Snowys,,,,,2026-08-19T15:49:09Z
oztrail-oztrail-pop-up-210cm-double-ensuite-shower-dressing-toilet-outdoor-camping-tent,OZTRAIL Pop up 210cm Double Ensuite Shower Dressing Toilet Outdoor Camping Tent,OZTRAIL,Tentworld,,,,,2026-08-19T19:19:25Z
oztrail-oztrail-pop-up-210cm-double-ensuite-shower-dressing-toilet-outdoor-camping-tent,OZTRAIL Pop up 210cm Double Ensuite Shower Dressing Toilet Outdoor Camping Tent,OZTRAIL,Wild Earth,,,,,2026-08-19T21:01:17Z
vango-vango-starav-200-2-person-camping-hiking-tent-pamir-green-vte-st200-r-11,Vango Starav 200 2 Person Tent - Pamir Green (VTE-ST200-R),Vango,eBay AU,,,,,
vango-vango-starav-200-2-person-camping-hiking-tent-pamir-green-vte-st200-r-11,Vango Starav 200 2 Person Tent - Pamir Green (VTE-ST200-R),Vango,Amazon AU,,,,,
vango-vango-starav-200-2-person-camping-hiking-tent-pamir-green-vte-st200-r-11,Vango Starav 200 2 Person Tent - Pamir Green (VTE-ST200-R),Vango,BCF,,,,,2026-08-19T16:46:32Z
vango-vango-starav-200-2-person-camping-hiking-tent-pamir-green-vte-st200-r-11,Vango Starav 200 2 Person Tent - Pamir Green (VTE-ST200-R),Vango,Anaconda,,,,,2026-08-16T21:33:48Z
vango-vango-starav-200-2-person-camping-hiking-tent-pamir-green-vte-st200-r-11,Vango Starav 200 2 Person Tent - Pamir Green (VTE-ST200-R),Vango,Snowys,,,,,2026-08-19T15:49:09Z
vango-vango-starav-200-2-person-camping-hiking-tent-pamir-green-vte-st200-r-11,Vango Starav 200 2 Person Tent - Pamir Green (VTE-ST200-R),Vango,Tentworld,,,,,2026-08-19T19:19:25Z
vango-vango-starav-200-2-person-camping-hiking-tent-pamir-green-vte-st200-r-11,Vango Starav 200 2 Person Tent - Pamir Green (VTE-ST200-R),Vango,Wild Earth,,,,,2026-08-19T21:01:17Z
branded-coleman-double-instant-up-ensuite-tent-camping-hiking-outdoor-shower-toilet-tent-2,Coleman Double Instant Up Ensuite Tent Shower Toilet Tent,Branded,eBay AU,,,,,
branded-coleman-double-instant-up-ensuite-tent-camping-hiking-outdoor-shower-toilet-tent-2,Coleman Double Instant Up Ensuite Tent Shower Toilet Tent,Branded,Amazon AU,,,,,
branded-coleman-double-instant-up-ensuite-tent-camping-hiking-outdoor-shower-toilet-tent-2,Coleman Double Instant Up Ensuite Tent Shower Toilet Tent,Branded,BCF,,,,,2026-08-19T16:46:32Z
branded-coleman-double-instant-up-ensuite-tent-camping-hiking-outdoor-shower-toilet-tent-2,Coleman Double Instant Up Ensuite Tent Shower Toilet Tent,Branded,Anaconda,,,,,2026-08-16T21:33:48Z
branded-coleman-double-instant-up-ensuite-tent-camping-hiking-outdoor-shower-toilet-tent-2,Coleman Double Instant Up Ensuite Tent Shower Toilet Tent,Branded,Snowys,,,,,2026-08-19T15:49:09Z
branded-coleman-double-instant-up-ensuite-tent-camping-hiking-outdoor-shower-toilet-tent-2,Coleman Double Instant Up Ensuite Tent Shower Toilet Tent,Branded,Tentworld,,,,,2026-08-19T19:19:25Z
branded-coleman-double-instant-up-ensuite-tent-camping-hiking-outdoor-shower-toilet-tent-2,Coleman Double Instant Up Ensuite Tent Shower Toilet Tent,Branded,Wild Earth,,,,,2026-08-19T21:01:17Z
branded-coleman-double-instant-up-ensuite-tent-camping-hiking-outdoor-shower-toilet-tent-3,Coleman Double Instant Up Ensuite Tent Shower Toilet Tent,Branded,eBay AU,,,,,
branded-coleman-double-instant-up-ensuite-tent-camping-hiking-outdoor-shower-toilet-tent-3,Coleman Double Instant Up Ensuite Tent Shower Toilet Tent,Branded,Amazon AU,,,,,
branded-coleman-double-instant-up-ensuite-tent-camping-hiking-outdoor-shower-toilet-tent-3,Coleman Double Instant Up Ensuite Tent Shower Toilet Tent,Branded,BCF,,,,,2026-08-19T16:46:32Z
branded-coleman-double-instant-up-ensuite-tent-camping-hiking-outdoor-shower-toilet-tent-3,Coleman Double Instant Up Ensuite Tent Shower Toilet Tent,Branded,Anaconda,,,,,2026-08-16T21:33:48Z
branded-coleman-double-instant-up-ensuite-tent-camping-hiking-outdoor-shower-toilet-tent-3,Coleman Double Instant Up Ensuite Tent Shower Toilet Tent,Branded,Snowys,,,,,2026-08-19T15:49:09Z
branded-coleman-double-instant-up-ensuite-tent-camping-hiking-outdoor-shower-toilet-tent-3,Coleman Double Instant Up Ensuite Tent Shower Toilet Tent,Branded,Tentworld,,,,,2026-08-19T19:19:25Z
branded-coleman-double-instant-up-ensuite-tent-camping-hiking-outdoor-shower-toilet-tent-3,Coleman Double Instant Up Ensuite Tent Shower Toilet Tent,Branded,Wild Earth,,,,,2026-08-19T21:01:17Z
coleman-coleman-double-instant-up-ensuite-tent-camping-hiking-outdoor-shower-toilet-tent-7,Coleman Double Instant Up Ensuite Tent Shower Toilet Tent,Coleman,eBay AU,,,,,
coleman-coleman-double-instant-up-ensuite-tent-camping-hiking-outdoor-shower-toilet-tent-7,Coleman Double Instant Up Ensuite Tent Shower Toilet Tent,Coleman,Amazon AU,,,,,
coleman-coleman-double-instant-up-ensuite-tent-camping-hiking-outdoor-shower-toilet-tent-7,Coleman Double Instant Up Ensuite Tent Shower Toilet Tent,Coleman,BCF,,,,,2026-08-19T16:46:32Z
coleman-coleman-double-instant-up-ensuite-tent-camping-hiking-outdoor-shower-toilet-tent-7,Coleman Double Instant Up Ensuite Tent Shower Toilet Tent,Coleman,Anaconda,,,,,2026-08-16T21:33:48Z
coleman-coleman-double-instant-up-ensuite-tent-camping-hiking-outdoor-shower-toilet-tent-7,Coleman Double Instant Up Ensuite Tent Shower Toilet Tent,Coleman,Snowys,,,,,2026-08-19T15:49:09Z
coleman-coleman-double-instant-up-ensuite-tent-camping-hiking-outdoor-shower-toilet-tent-7,Coleman Double Instant Up Ensuite Tent Shower Toilet Tent,Coleman,Tentworld,,,,,2026-08-19T19:19:25Z
coleman-coleman-double-instant-up-ensuite-tent-camping-hiking-outdoor-shower-toilet-tent-7,Coleman Double Instant Up Ensuite Tent Shower Toilet Tent,Coleman,Wild Earth,,,,,2026-08-19T21:01:17Z
branded-coleman-double-instant-up-ensuite-tent-camping-hiking-outdoor-shower-toilet-tent-4,Coleman Double Instant Up Ensuite Tent Shower Toilet Tent,Branded,eBay AU,,,,,
branded-coleman-double-instant-up-ensuite-tent-camping-hiking-outdoor-shower-toilet-tent-4,Coleman Double Instant Up Ensuite Tent Shower Toilet Tent,Branded,Amazon AU,,,,,
branded-coleman-double-instant-up-ensuite-tent-camping-hiking-outdoor-shower-toilet-tent-4,Coleman Double Instant Up Ensuite Tent Shower Toilet Tent,Branded,BCF,,,,,2026-08-19T16:46:32Z
branded-coleman-double-instant-up-ensuite-tent-camping-hiking-outdoor-shower-toilet-tent-4,Coleman Double Instant Up Ensuite Tent Shower Toilet Tent,Branded,Anaconda,,,,,2026-08-16T21:33:48Z
branded-coleman-double-instant-up-ensuite-tent-camping-hiking-outdoor-shower-toilet-tent-4,Coleman Double Instant Up Ensuite Tent Shower Toilet Tent,Branded,Snowys,,,,,2026-08-19T15:49:09Z
branded-coleman-double-instant-up-ensuite-tent-camping-hiking-outdoor-shower-toilet-tent-4,Coleman Double Instant Up Ensuite Tent Shower Toilet Tent,Branded,Tentworld,,,,,2026-08-19T19:19:25Z
branded-coleman-double-instant-up-ensuite-tent-camping-hiking-outdoor-shower-toilet-tent-4,Coleman Double Instant Up Ensuite Tent Shower Toilet Tent,Branded,Wild Earth,,,,,2026-08-19T21:01:17Z
coleman-coleman-instant-up-swagger-1-3-person-tent-3,"Coleman Instant Up Swagger 1, 3 Person Tent",Coleman,eBay AU,,,,,
coleman-coleman-instant-up-swagger-1-3-person-tent-3,"Coleman Instant Up Swagger 1, 3 Person Tent",Coleman,Amazon AU,,,,,
coleman-coleman-instant-up-swagger-1-3-person-tent-3,"Coleman Instant Up Swagger 1, 3 Person Tent",Coleman,BCF,,,,,2026-08-19T16:46:32Z
coleman-coleman-instant-up-swagger-1-3-person-tent-3,"Coleman Instant Up Swagger 1, 3 Person Tent",Coleman,Anaconda,,,,,2026-08-16T21:33:48Z
coleman-coleman-instant-up-swagger-1-3-person-tent-3,"Coleman Instant Up Swagger 1, 3 Person Tent",Coleman,Snowys,,,,,2026-08-19T15:49:09Z
coleman-coleman-instant-up-swagger-1-3-person-tent-3,"Coleman Instant Up Swagger 1, 3 Person Tent",Coleman,Tentworld,,,,,2026-08-19T19:19:25Z
coleman-coleman-instant-up-swagger-1-3-person-tent-3,"Coleman Instant Up Swagger 1, 3 Person Tent",Coleman,Wild Earth,,,,,2026-08-19T21:01:17Z
oztrail-oztrail-ensuite-225cm-privacy-shower-dressing-toilet-outdoor-camping-duo-tent,OZtrail Ensuite 225cm Privacy Shower Dressing Toilet Outdoor Camping Duo Tent,OZtrail,eBay AU,,,,,
oztrail-oztrail-ensuite-225cm-privacy-shower-dressing-toilet-outdoor-camping-duo-tent,OZtrail Ensuite 225cm Privacy Shower Dressing Toilet Outdoor Camping Duo Tent,OZtrail,Amazon AU,,,,,
oztrail-oztrail-ensuite-225cm-privacy-shower-dressing-toilet-outdoor-camping-duo-tent,OZtrail Ensuite 225cm Privacy Shower Dressing Toilet Outdoor Camping Duo Tent,OZtrail,BCF,,,,,2026-08-19T16:46:32Z
oztrail-oztrail-ensuite-225cm-privacy-shower-dressing-toilet-outdoor-camping-duo-tent,OZtrail Ensuite 225cm Privacy Shower Dressing Toilet Outdoor Camping Duo Tent,OZtrail,Anaconda,,,,,2026-08-16T21:33:48Z
oztrail-oztrail-ensuite-225cm-privacy-shower-dressing-toilet-outdoor-camping-duo-tent,OZtrail Ensuite 225cm Privacy Shower Dressing Toilet Outdoor Camping Duo Tent,OZtrail,Snowys,,,,,2026-08-19T15:49:09Z
oztrail-oztrail-ensuite-225cm-privacy-shower-dressing-toilet-outdoor-camping-duo-tent,OZtrail Ensuite 225cm Privacy Shower Dressing Toilet Outdoor Camping Duo Tent,OZtrail,Tentworld,,,,,2026-08-19T19:19:25Z
oztrail-oztrail-ensuite-225cm-privacy-shower-dressing-toilet-outdoor-camping-duo-tent,OZtrail Ensuite 225cm Privacy Shower Dressing Toilet Outdoor Camping Duo Tent,OZtrail,Wild Earth,,,,,2026-08-19T21:01:17Z
oztrail-oztrail-fast-frame-ensuite-tent-single,OZtrail Fast Frame Ensuite Tent Single,OZtrail,eBay AU,,,,,
oztrail-oztrail-fast-frame-ensuite-tent-single,OZtrail Fast Frame Ensuite Tent Single,OZtrail,Amazon AU,,,,,
oztrail-oztrail-fast-frame-ensuite-tent-single,OZtrail Fast Frame Ensuite Tent Single,OZtrail,BCF,,,,,2026-08-19T16:46:32Z
oztrail-oztrail-fast-frame-ensuite-tent-single,OZtrail Fast Frame Ensuite Tent Single,OZtrail,Anaconda,,,,,2026-08-16T21:33:48Z
oztrail-oztrail-fast-frame-ensuite-tent-single,OZtrail Fast Frame Ensuite Tent Single,OZtrail,Snowys,,,,,2026-08-19T15:49:09Z
oztrail-oztrail-fast-frame-ensuite-tent-single,OZtrail Fast Frame Ensuite Tent Single,OZtrail,Tentworld,,,,,2026-08-19T19:19:25Z
oztrail-oztrail-fast-frame-ensuite-tent-single,OZtrail Fast Frame Ensuite Tent Single,OZtrail,Wild Earth,,,,,2026-08-19T21:01:17Z
oztrail-oztrail-fast-frame-ensuite-tent-double,OZtrail Fast Frame Ensuite Tent Double,OZtrail,eBay AU,,,,,
oztrail-oztrail-fast-frame-ensuite-tent-double,OZtrail Fast Frame Ensuite Tent Double,OZtrail,Amazon AU,,,,,
oztrail-oztrail-fast-frame-ensuite-tent-double,OZtrail Fast Frame Ensuite Tent Double,OZtrail,BCF,,,,,2026-08-19T16:46:32Z
oztrail-oztrail-fast-frame-ensuite-tent-double,OZtrail Fast Frame Ensuite Tent Double,OZtrail,Anaconda,,,,,2026-08-16T21:33:48Z
oztrail-oztrail-fast-frame-ensuite-tent-double,OZtrail Fast Frame Ensuite Tent Double,OZtrail,Snowys,,,,,2026-08-19T15:49:09Z
oztrail-oztrail-fast-frame-ensuite-tent-double,OZtrail Fast Frame Ensuite Tent Double,OZtrail,Tentworld,,,,,2026-08-19T19:19:25Z
oztrail-oztrail-fast-frame-ensuite-tent-double,OZtrail Fast Frame Ensuite Tent Double,OZtrail,Wild Earth,,,,,2026-08-19T21:01:17Z
oztrail-oztrail-family-12-person-dome-camping-tent-outdoor-shelter-blue,OZtrail Family 12 Person Dome Camping Tent Outdoor Shelter - Blue,OZtrail,eBay AU,,,,,
oztrail-oztrail-family-12-person-dome-camping-tent-outdoor-shelter-blue,OZtrail Family 12 Person Dome Camping Tent Outdoor Shelter - Blue,OZtrail,Amazon AU,,,,,
oztrail-oztrail-family-12-person-dome-camping-tent-outdoor-shelter-blue,OZtrail Family 12 Person Dome Camping Tent Outdoor Shelter - Blue,OZtrail,BCF,,,,,2026-08-19T16:46:32Z
oztrail-oztrail-family-12-person-dome-camping-tent-outdoor-shelter-blue,OZtrail Family 12 Person Dome Camping Tent Outdoor Shelter - Blue,OZtrail,Anaconda,,,,,2026-08-16T21:33:48Z
oztrail-oztrail-family-12-person-dome-camping-tent-outdoor-shelter-blue,OZtrail Family 12 Person Dome Camping Tent Outdoor Shelter - Blue,OZtrail,Snowys,,,,,2026-08-19T15:49:09Z
oztrail-oztrail-family-12-person-dome-camping-tent-outdoor-shelter-blue,OZtrail Family 12 Person Dome Camping Tent Outdoor Shelter - Blue,OZtrail,Tentworld,,,,,2026-08-19T19:19:25Z
oztrail-oztrail-family-12-person-dome-camping-tent-outdoor-shelter-blue,OZtrail Family 12 Person Dome Camping Tent Outdoor Shelter - Blue,OZtrail,Wild Earth,,,,,2026-08-19T21:01:17Z
oztrail-oztrail-bungee-balls-tarp-canvas-awning-tent-shelter-camping-radome-antenna-kit,OZtrail Bungee Balls Tarp Canvas Awning Tent Shelter Camping Radome Antenna Kit,OZtrail,eBay AU,,,,,
oztrail-oztrail-bungee-balls-tarp-canvas-awning-tent-shelter-camping-radome-antenna-kit,OZtrail Bungee Balls Tarp Canvas Awning Tent Shelter Camping Radome Antenna Kit,OZtrail,Amazon AU,,,,,
oztrail-oztrail-bungee-balls-tarp-canvas-awning-tent-shelter-camping-radome-antenna-kit,OZtrail Bungee Balls Tarp Canvas Awning Tent Shelter Camping Radome Antenna Kit,OZtrail,BCF,,,,,2026-08-19T16:46:32Z
oztrail-oztrail-bungee-balls-tarp-canvas-awning-tent-shelter-camping-radome-antenna-kit,OZtrail Bungee Balls Tarp Canvas Awning Tent Shelter Camping Radome Antenna Kit,OZtrail,Anaconda,,,,,2026-08-16T21:33:48Z
oztrail-oztrail-bungee-balls-tarp-canvas-awning-tent-shelter-camping-radome-antenna-kit,OZtrail Bungee Balls Tarp Canvas Awning Tent Shelter Camping Radome Antenna Kit,OZtrail,Snowys,,,,,2026-08-19T15:49:09Z
oztrail-oztrail-bungee-balls-tarp-canvas-awning-tent-shelter-camping-radome-antenna-kit,OZtrail Bungee Balls Tarp Canvas Awning Tent Shelter Camping Radome Antenna Kit,OZtrail,Tentworld,,,,,2026-08-19T19:19:25Z
oztrail-oztrail-bungee-balls-tarp-canvas-awning-tent-shelter-camping-radome-antenna-kit,OZtrail Bungee Balls Tarp Canvas Awning Tent Shelter Camping Radome Antenna Kit,OZtrail,Wild Earth,,,,,2026-08-19T21:01:17Z
coleman-coleman-double-instant-up-ensuite-tent-camping-hiking-outdoor-shower-toilet-tent-8,Coleman Double Instant Up Ensuite Tent Shower Toilet Tent,Coleman,eBay AU,,,,,
coleman-coleman-double-instant-up-ensuite-tent-camping-hiking-outdoor-shower-toilet-tent-8,Coleman Double Instant Up Ensuite Tent Shower Toilet Tent,Coleman,Amazon AU,,,,,
coleman-coleman-double-instant-up-ensuite-tent-camping-hiking-outdoor-shower-toilet-tent-8,Coleman Double Instant Up Ensuite Tent Shower Toilet Tent,Coleman,BCF,,,,,2026-08-19T16:46:32Z
coleman-coleman-double-instant-up-ensuite-tent-camping-hiking-outdoor-shower-toilet-tent-8,Coleman Double Instant Up Ensuite Tent Shower Toilet Tent,Coleman,Anaconda,,,,,2026-08-17T21:42:20Z
coleman-coleman-double-instant-up-ensuite-tent-camping-hiking-outdoor-shower-toilet-tent-8,Coleman Double Instant Up Ensuite Tent Shower Toilet Tent,Coleman,Snowys,,,,,2026-08-19T15:49:09Z
coleman-coleman-double-instant-up-ensuite-tent-camping-hiking-outdoor-shower-toilet-tent-8,Coleman Double Instant Up Ensuite Tent Shower Toilet Tent,Coleman,Tentworld,,,,,2026-08-19T19:19:25Z
coleman-coleman-double-instant-up-ensuite-tent-camping-hiking-outdoor-shower-toilet-tent-8,Coleman Double Instant Up Ensuite Tent Shower Toilet Tent,Coleman,Wild Earth,,,,,2026-08-19T21:01:17Z
coleman-coleman-3p-swagger-instant-up-camping-tent-new,Coleman 3P Swagger Instant up Camping Tent,Coleman,eBay AU,,,,,
coleman-coleman-3p-swagger-instant-up-camping-tent-new,Coleman 3P Swagger Instant up Camping Tent,Coleman,Amazon AU,,,,,
coleman-coleman-3p-swagger-instant-up-camping-tent-new,Coleman 3P Swagger Instant up Camping Tent,Coleman,BCF,,,,,2026-08-19T16:46:32Z
coleman-coleman-3p-swagger-instant-up-camping-tent-new,Coleman 3P Swagger Instant up Camping Tent,Coleman,Anaconda,,,,,2026-08-17T21:42:20Z
coleman-coleman-3p-swagger-instant-up-camping-tent-new,Coleman 3P Swagger Instant up Camping Tent,Coleman,Snowys,,,,,2026-08-19T15:49:09Z
coleman-coleman-3p-swagger-instant-up-camping-tent-new,Coleman 3P Swagger Instant up Camping Tent,Coleman,Tentworld,,,,,2026-08-19T19:19:25Z
coleman-coleman-3p-swagger-instant-up-camping-tent-new,Coleman 3P Swagger Instant up Camping Tent,Coleman,Wild Earth,,,,,2026-08-19T21:01:17Z
coleman-coleman-tent-instant-up-4-person-gold-series-evo-waterproof-outdoor-camping,Coleman Tent Instant Up 4 Person Gold Series Evo Waterproof,Coleman,eBay AU,,,,,
coleman-coleman-tent-instant-up-4-person-gold-series-evo-waterproof-outdoor-camping,Coleman Tent Instant Up 4 Person Gold Series Evo Waterproof,Coleman,Amazon AU,,,,,
coleman-coleman-tent-instant-up-4-person-gold-series-evo-waterproof-outdoor-camping,Coleman Tent Instant Up 4 Person Gold Series Evo Waterproof,Coleman,BCF,,,,,2026-08-19T16:46:32Z
coleman-coleman-tent-instant-up-4-person-gold-series-evo-waterproof-outdoor-camping,Coleman Tent Instant Up 4 Person Gold Series Evo Waterproof,Coleman,Anaconda,,,,,2026-08-17T21:42:20Z
coleman-coleman-tent-instant-up-4-person-gold-series-evo-waterproof-outdoor-camping,Coleman Tent Instant Up 4 Person Gold Series Evo Waterproof,Coleman,Snowys,,,,,2026-08-19T15:49:09Z
coleman-coleman-tent-instant-up-4-person-gold-series-evo-waterproof-outdoor-camping,Coleman Tent Instant Up 4 Person Gold Series Evo Waterproof,Coleman,Tentworld,,,,,2026-08-19T19:19:25Z
coleman-coleman-tent-instant-up-4-person-gold-series-evo-waterproof-outdoor-camping,Coleman Tent Instant Up 4 Person Gold Series Evo Waterproof,Coleman,Wild Earth,,,,,2026-08-19T21:01:17Z
coleman-coleman-double-instant-up-ensuite-tent-camping-hiking-outdoor-shower-toilet-tent-9,Coleman Double Instant Up Ensuite Tent Shower Toilet Tent,Coleman,eBay AU,,,,,
coleman-coleman-double-instant-up-ensuite-tent-camping-hiking-outdoor-shower-toilet-tent-9,Coleman Double Instant Up Ensuite Tent Shower Toilet Tent,Coleman,Amazon AU,,,,,
coleman-coleman-double-instant-up-ensuite-tent-camping-hiking-outdoor-shower-toilet-tent-9,Coleman Double Instant Up Ensuite Tent Shower Toilet Tent,Coleman,BCF,,,,,2026-08-19T16:46:32Z
coleman-coleman-double-instant-up-ensuite-tent-camping-hiking-outdoor-shower-toilet-tent-9,Coleman Double Instant Up Ensuite Tent Shower Toilet Tent,Coleman,Anaconda,,,,,2026-08-17T21:42:20Z
coleman-coleman-double-instant-up-ensuite-tent-camping-hiking-outdoor-shower-toilet-tent-9,Coleman Double Instant Up Ensuite Tent Shower Toilet Tent,Coleman,Snowys,,,,,2026-08-19T15:49:09Z
coleman-coleman-double-instant-up-ensuite-tent-camping-hiking-outdoor-shower-toilet-tent-9,Coleman Double Instant Up Ensuite Tent Shower Toilet Tent,Coleman,Tentworld,,,,,2026-08-19T19:19:25Z
coleman-coleman-double-instant-up-ensuite-tent-camping-hiking-outdoor-shower-toilet-tent-9,Coleman Double Instant Up Ensuite Tent Shower Toilet Tent,Coleman,Wild Earth,,,,,2026-08-19T21:01:17Z
oztrail-oztrail-biker-expedition-single-swag-camping-touring-adventure-outdoors-canopies,OZtrail Biker Expedition Single Swag Canopies,OZtrail,eBay AU,,,,,
oztrail-oztrail-biker-expedition-single-swag-camping-touring-adventure-outdoors-canopies,OZtrail Biker Expedition Single Swag Canopies,OZtrail,Amazon AU,,,,,
oztrail-oztrail-biker-expedition-single-swag-camping-touring-adventure-outdoors-canopies,OZtrail Biker Expedition Single Swag Canopies,OZtrail,BCF,,,,,2026-08-19T16:46:32Z
oztrail-oztrail-biker-expedition-single-swag-camping-touring-adventure-outdoors-canopies,OZtrail Biker Expedition Single Swag Canopies,OZtrail,Anaconda,,,,,2026-08-17T21:42:20Z
oztrail-oztrail-biker-expedition-single-swag-camping-touring-adventure-outdoors-canopies,OZtrail Biker Expedition Single Swag Canopies,OZtrail,Snowys,,,,,2026-08-19T15:49:09Z
oztrail-oztrail-biker-expedition-single-swag-camping-touring-adventure-outdoors-canopies,OZtrail Biker Expedition Single Swag Canopies,OZtrail,Tentworld,,,,,2026-08-19T19:19:25Z
oztrail-oztrail-biker-expedition-single-swag-camping-touring-adventure-outdoors-canopies,OZtrail Biker Expedition Single Swag Canopies,OZtrail,Wild Earth,,,,,2026-08-19T21:01:17Z
oztrail-oztrail-tasman-6-person-dome-tent-camping-touring-offroad-family-hiking-tent,OZtrail Tasman 6 Person Dome Tent Camping Touring Offroad Family Hiking Tent,OZtrail,eBay AU,,,,,
oztrail-oztrail-tasman-6-person-dome-tent-camping-touring-offroad-family-hiking-tent,OZtrail Tasman 6 Person Dome Tent Camping Touring Offroad Family Hiking Tent,OZtrail,Amazon AU,,,,,
oztrail-oztrail-tasman-6-person-dome-tent-camping-touring-offroad-family-hiking-tent,OZtrail Tasman 6 Person Dome Tent Camping Touring Offroad Family Hiking Tent,OZtrail,BCF,,,,,2026-08-19T16:46:32Z
oztrail-oztrail-tasman-6-person-dome-tent-camping-touring-offroad-family-hiking-tent,OZtrail Tasman 6 Person Dome Tent Camping Touring Offroad Family Hiking Tent,OZtrail,Anaconda,,,,,2026-08-17T21:42:20Z
oztrail-oztrail-tasman-6-person-dome-tent-camping-touring-offroad-family-hiking-tent,OZtrail Tasman 6 Person Dome Tent Camping Touring Offroad Family Hiking Tent,OZtrail,Snowys,,,,,2026-08-19T15:49:09Z
oztrail-oztrail-tasman-6-person-dome-tent-camping-touring-offroad-family-hiking-tent,OZtrail Tasman 6 Person Dome Tent Camping Touring Offroad Family Hiking Tent,OZtrail,Tentworld,,,,,2026-08-19T19:19:25Z
oztrail-oztrail-tasman-6-person-dome-tent-camping-touring-offroad-family-hiking-tent,OZtrail Tasman 6 Person Dome Tent Camping Touring Offroad Family Hiking Tent,OZtrail,Wild Earth,,,,,2026-08-19T21:01:17Z
oztrail-oztrail-2-person-dome-tent-camping-touring-offroad-family-hiking-tent,OZtrail 2-Person Dome Tent Camping Touring Offroad Family Hiking Tent,OZtrail,eBay AU,,,,,
oztrail-oztrail-2-person-dome-tent-camping-touring-offroad-family-hiking-tent,OZtrail 2-Person Dome Tent Camping Touring Offroad Family Hiking Tent,OZtrail,Amazon AU,,,,,
oztrail-oztrail-2-person-dome-tent-camping-touring-offroad-family-hiking-tent,OZtrail 2-Person Dome Tent Camping Touring Offroad Family Hiking Tent,OZtrail,BCF,,,,,2026-08-19T16:46:32Z
oztrail-oztrail-2-person-dome-tent-camping-touring-offroad-family-hiking-tent,OZtrail 2-Person Dome Tent Camping Touring Offroad Family Hiking Tent,OZtrail,Anaconda,,,,,2026-08-17T21:42:20Z
oztrail-oztrail-2-person-dome-tent-camping-touring-offroad-family-hiking-tent,OZtrail 2-Person Dome Tent Camping Touring Offroad Family Hiking Tent,OZtrail,Snowys,,,,,2026-08-19T15:49:09Z
oztrail-oztrail-2-person-dome-tent-camping-touring-offroad-family-hiking-tent,OZtrail 2-Person Dome Tent Camping Touring Offroad Family Hiking Tent,OZtrail,Tentworld,,,,,2026-08-19T19:19:25Z
oztrail-oztrail-2-person-dome-tent-camping-touring-offroad-family-hiking-tent,OZtrail 2-Person Dome Tent Camping Touring Offroad Family Hiking Tent,OZtrail,Wild Earth,,,,,2026-08-19T21:01:17Z
oztrail-oztrail-gazebo-tent-inner-kit-3-0-enclosure-walls-screen-camping-outdoors-tents,OZtrail Gazebo Tent Inner Kit 3.0 Enclosure Walls Screen Camping Outdoors Tents,OZtrail,eBay AU,,,,,
oztrail-oztrail-gazebo-tent-inner-kit-3-0-enclosure-walls-screen-camping-outdoors-tents,OZtrail Gazebo Tent Inner Kit 3.0 Enclosure Walls Screen Camping Outdoors Tents,OZtrail,Amazon AU,,,,,
oztrail-oztrail-gazebo-tent-inner-kit-3-0-enclosure-walls-screen-camping-outdoors-tents,OZtrail Gazebo Tent Inner Kit 3.0 Enclosure Walls Screen Camping Outdoors Tents,OZtrail,BCF,,,,,2026-08-19T16:46:32Z
oztrail-oztrail-gazebo-tent-inner-kit-3-0-enclosure-walls-screen-camping-outdoors-tents,OZtrail Gazebo Tent Inner Kit 3.0 Enclosure Walls Screen Camping Outdoors Tents,OZtrail,Anaconda,,,,,2026-08-17T21:42:20Z
oztrail-oztrail-gazebo-tent-inner-kit-3-0-enclosure-walls-screen-camping-outdoors-tents,OZtrail Gazebo Tent Inner Kit 3.0 Enclosure Walls Screen Camping Outdoors Tents,OZtrail,Snowys,,,,,2026-08-19T15:49:09Z
oztrail-oztrail-gazebo-tent-inner-kit-3-0-enclosure-walls-screen-camping-outdoors-tents,OZtrail Gazebo Tent Inner Kit 3.0 Enclosure Walls Screen Camping Outdoors Tents,OZtrail,Tentworld,,,,,2026-08-19T19:19:25Z
oztrail-oztrail-gazebo-tent-inner-kit-3-0-enclosure-walls-screen-camping-outdoors-tents,OZtrail Gazebo Tent Inner Kit 3.0 Enclosure Walls Screen Camping Outdoors Tents,OZtrail,Wild Earth,,,,,2026-08-19T21:01:17Z
oztrail-oztrail-led-1-bar-extender-camping-portable-tent-awning-camp-trailer-motorhome,OZtrail LED 1 Bar Extender Camping Portable Tent Awning Camp Trailer Motorhome,OZtrail,eBay AU,,,,,
oztrail-oztrail-led-1-bar-extender-camping-portable-tent-awning-camp-trailer-motorhome,OZtrail LED 1 Bar Extender Camping Portable Tent Awning Camp Trailer Motorhome,OZtrail,Amazon AU,,,,,
oztrail-oztrail-led-1-bar-extender-camping-portable-tent-awning-camp-trailer-motorhome,OZtrail LED 1 Bar Extender Camping Portable Tent Awning Camp Trailer Motorhome,OZtrail,BCF,,,,,2026-08-19T16:46:32Z
oztrail-oztrail-led-1-bar-extender-camping-portable-tent-awning-camp-trailer-motorhome,OZtrail LED 1 Bar Extender Camping Portable Tent Awning Camp Trailer Motorhome,OZtrail,Anaconda,,,,,2026-08-17T21:42:20Z
oztrail-oztrail-led-1-bar-extender-camping-portable-tent-awning-camp-trailer-motorhome,OZtrail LED 1 Bar Extender Camping Portable Tent Awning Camp Trailer Motorhome,OZtrail,Snowys,,,,,2026-08-19T15:49:09Z
oztrail-oztrail-led-1-bar-extender-camping-portable-tent-awning-camp-trailer-motorhome,OZtrail LED 1 Bar Extender Camping Portable Tent Awning Camp Trailer Motorhome,OZtrail,Tentworld,,,,,2026-08-19T19:19:25Z
oztrail-oztrail-led-1-bar-extender-camping-portable-tent-awning-camp-trailer-motorhome,OZtrail LED 1 Bar Extender Camping Portable Tent Awning Camp Trailer Motorhome,OZtrail,Wild Earth,,,,,2026-08-19T21:01:17Z
oztrail-oztrail-tasman-3v-dome-tent-outdoor-family-camping-weather-resistant-shade-tents,OZtrail Tasman 3V Dome Tent Outdoor Family Camping Weather Resistant Shade Tents,OZtrail,eBay AU,,,,,
oztrail-oztrail-tasman-3v-dome-tent-outdoor-family-camping-weather-resistant-shade-tents,OZtrail Tasman 3V Dome Tent Outdoor Family Camping Weather Resistant Shade Tents,OZtrail,Amazon AU,,,,,
oztrail-oztrail-tasman-3v-dome-tent-outdoor-family-camping-weather-resistant-shade-tents,OZtrail Tasman 3V Dome Tent Outdoor Family Camping Weather Resistant Shade Tents,OZtrail,BCF,,,,,2026-08-19T16:46:32Z
oztrail-oztrail-tasman-3v-dome-tent-outdoor-family-camping-weather-resistant-shade-tents,OZtrail Tasman 3V Dome Tent Outdoor Family Camping Weather Resistant Shade Tents,OZtrail,Anaconda,,,,,2026-08-17T21:42:20Z
oztrail-oztrail-tasman-3v-dome-tent-outdoor-family-camping-weather-resistant-shade-tents,OZtrail Tasman 3V Dome Tent Outdoor Family Camping Weather Resistant Shade Tents,OZtrail,Snowys,,,,,2026-08-19T15:49:09Z
oztrail-oztrail-tasman-3v-dome-tent-outdoor-family-camping-weather-resistant-shade-tents,OZtrail Tasman 3V Dome Tent Outdoor Family Camping Weather Resistant Shade Tents,OZtrail,Tentworld,,,,,2026-08-19T19:19:25Z
oztrail-oztrail-tasman-3v-dome-tent-outdoor-family-camping-weather-resistant-shade-tents,OZtrail Tasman 3V Dome Tent Outdoor Family Camping Weather Resistant Shade Tents,OZtrail,Wild Earth,,,,,2026-08-19T21:01:17Z
oztrail-oztrail-led-2-way-splitter-power-cable-camping-camp-portable-tent-awning-caravan,OZtrail LED 2 Way Splitter Power Cable Tent Awning Caravan,OZtrail,eBay AU,,,,,
oztrail-oztrail-led-2-way-splitter-power-cable-camping-camp-portable-tent-awning-caravan,OZtrail LED 2 Way Splitter Power Cable Tent Awning Caravan,OZtrail,Amazon AU,,,,,
oztrail-oztrail-led-2-way-splitter-power-cable-camping-camp-portable-tent-awning-caravan,OZtrail LED 2 Way Splitter Power Cable Tent Awning Caravan,OZtrail,BCF,,,,,2026-08-19T16:46:32Z
oztrail-oztrail-led-2-way-splitter-power-cable-camping-camp-portable-tent-awning-caravan,OZtrail LED 2 Way Splitter Power Cable Tent Awning Caravan,OZtrail,Anaconda,,,,,2026-08-17T21:42:20Z
oztrail-oztrail-led-2-way-splitter-power-cable-camping-camp-portable-tent-awning-caravan,OZtrail LED 2 Way Splitter Power Cable Tent Awning Caravan,OZtrail,Snowys,,,,,2026-08-19T15:49:09Z
oztrail-oztrail-led-2-way-splitter-power-cable-camping-camp-portable-tent-awning-caravan,OZtrail LED 2 Way Splitter Power Cable Tent Awning Caravan,OZtrail,Tentworld,,,,,2026-08-19T19:19:25Z
oztrail-oztrail-led-2-way-splitter-power-cable-camping-camp-portable-tent-awning-caravan,OZtrail LED 2 Way Splitter Power Cable Tent Awning Caravan,OZtrail,Wild Earth,,,,,2026-08-19T21:01:17Z
oztrail-oztrail-tent-led-light-fan-portable-camp-camping,OZTRAIL TENT LED LIGHT FAN,OZTRAIL,eBay AU,,,,,
oztrail-oztrail-tent-led-light-fan-portable-camp-camping,OZTRAIL TENT LED LIGHT FAN,OZTRAIL,Amazon AU,,,,,
oztrail-oztrail-tent-led-light-fan-portable-camp-camping,OZTRAIL TENT LED LIGHT FAN,OZTRAIL,BCF,,,,,2026-08-19T16:46:32Z
oztrail-oztrail-tent-led-light-fan-portable-camp-camping,OZTRAIL TENT LED LIGHT FAN,OZTRAIL,Anaconda,,,,,2026-08-17T21:42:20Z
oztrail-oztrail-tent-led-light-fan-portable-camp-camping,OZTRAIL TENT LED LIGHT FAN,OZTRAIL,Snowys,,,,,2026-08-19T15:49:09Z
oztrail-oztrail-tent-led-light-fan-portable-camp-camping,OZTRAIL TENT LED LIGHT FAN,OZTRAIL,Tentworld,,,,,2026-08-19T19:19:25Z
oztrail-oztrail-tent-led-light-fan-portable-camp-camping,OZTRAIL TENT LED LIGHT FAN,OZTRAIL,Wild Earth,,,,,2026-08-19T21:01:17Z
sea-to-summit-sea-to-summit-alto-tr2-ultralight-2-person-hiking-tent-green-8,Sea to Summit Alto TR2 Ultralight 2-Person Hiking Tent - Green,Sea to Summit,eBay AU,,,,,
sea-to-summit-sea-to-summit-alto-tr2-ultralight-2-person-hiking-tent-green-8,Sea to Summit Alto TR2 Ultralight 2-Person Hiking Tent - Green,Sea to Summit,Amazon AU,,,,,
sea-to-summit-sea-to-summit-alto-tr2-ultralight-2-person-hiking-tent-green-8,Sea to Summit Alto TR2 Ultralight 2-Person Hiking Tent - Green,Sea to Summit,BCF,,,,,2026-08-19T16:46:32Z
sea-to-summit-sea-to-summit-alto-tr2-ultralight-2-person-hiking-tent-green-8,Sea to Summit Alto TR2 Ultralight 2-Person Hiking Tent - Green,Sea to Summit,Anaconda,,,,,2026-08-17T21:42:20Z
sea-to-summit-sea-to-summit-alto-tr2-ultralight-2-person-hiking-tent-green-8,Sea to Summit Alto TR2 Ultralight 2-Person Hiking Tent - Green,Sea to Summit,Snowys,,,,,2026-08-19T15:49:09Z
sea-to-summit-sea-to-summit-alto-tr2-ultralight-2-person-hiking-tent-green-8,Sea to Summit Alto TR2 Ultralight 2-Person Hiking Tent - Green,Sea to Summit,Tentworld,,,,,2026-08-19T19:19:25Z
sea-to-summit-sea-to-summit-alto-tr2-ultralight-2-person-hiking-tent-green-8,Sea to Summit Alto TR2 Ultralight 2-Person Hiking Tent - Green,Sea to Summit,Wild Earth,,,,,2026-08-19T21:01:17Z
vango-vango-athos-500-5-person-camping-hiking-tent-moroccan-blue-vte-at500-q-2,Vango Athos 500 5 Person Tent - Moroccan Blue (VTE-AT500-Q),Vango,eBay AU,,,,,
vango-vango-athos-500-5-person-camping-hiking-tent-moroccan-blue-vte-at500-q-2,Vango Athos 500 5 Person Tent - Moroccan Blue (VTE-AT500-Q),Vango,Amazon AU,,,,,
vango-vango-athos-500-5-person-camping-hiking-tent-moroccan-blue-vte-at500-q-2,Vango Athos 500 5 Person Tent - Moroccan Blue (VTE-AT500-Q),Vango,BCF,,,,,2026-08-19T16:46:32Z
vango-vango-athos-500-5-person-camping-hiking-tent-moroccan-blue-vte-at500-q-2,Vango Athos 500 5 Person Tent - Moroccan Blue (VTE-AT500-Q),Vango,Anaconda,,,,,2026-08-17T21:42:20Z
vango-vango-athos-500-5-person-camping-hiking-tent-moroccan-blue-vte-at500-q-2,Vango Athos 500 5 Person Tent - Moroccan Blue (VTE-AT500-Q),Vango,Snowys,,,,,2026-08-19T15:49:09Z
vango-vango-athos-500-5-person-camping-hiking-tent-moroccan-blue-vte-at500-q-2,Vango Athos 500 5 Person Tent - Moroccan Blue (VTE-AT500-Q),Vango,Tentworld,,,,,2026-08-19T19:19:25Z
vango-vango-athos-500-5-person-camping-hiking-tent-moroccan-blue-vte-at500-q-2,Vango Athos 500 5 Person Tent - Moroccan Blue (VTE-AT500-Q),Vango,Wild Earth,,,,,2026-08-19T21:01:17Z
coleman-coleman-tent-instant-up-6-person-gold-series-evo-outdoor-camping-accessories-6,Coleman Tent Instant Up 6 Person Gold Series Evo Outdoor Camping Accessories,Coleman,eBay AU,,,,,
coleman-coleman-tent-instant-up-6-person-gold-series-evo-outdoor-camping-accessories-6,Coleman Tent Instant Up 6 Person Gold Series Evo Outdoor Camping Accessories,Coleman,Amazon AU,,,,,
coleman-coleman-tent-instant-up-6-person-gold-series-evo-outdoor-camping-accessories-6,Coleman Tent Instant Up 6 Person Gold Series Evo Outdoor Camping Accessories,Coleman,BCF,,,,,2026-08-19T16:46:32Z
coleman-coleman-tent-instant-up-6-person-gold-series-evo-outdoor-camping-accessories-6,Coleman Tent Instant Up 6 Person Gold Series Evo Outdoor Camping Accessories,Coleman,Anaconda,,,,,2026-08-07T01:15:59Z
coleman-coleman-tent-instant-up-6-person-gold-series-evo-outdoor-camping-accessories-6,Coleman Tent Instant Up 6 Person Gold Series Evo Outdoor Camping Accessories,Coleman,Snowys,,,,,2026-08-19T15:49:09Z
coleman-coleman-tent-instant-up-6-person-gold-series-evo-outdoor-camping-accessories-6,Coleman Tent Instant Up 6 Person Gold Series Evo Outdoor Camping Accessories,Coleman,Tentworld,,,,,2026-08-19T19:19:25Z
coleman-coleman-tent-instant-up-6-person-gold-series-evo-outdoor-camping-accessories-6,Coleman Tent Instant Up 6 Person Gold Series Evo Outdoor Camping Accessories,Coleman,Wild Earth,,,,,2026-08-19T21:01:17Z
oztrail-easy-fold-blockout-1-person-stretcher-tent-reduce-heat-and-light-single-camp,Easy Fold Blockout 1 Person Stretcher Tent - Reduce Heat and Light | Single,OZtrail,eBay AU,,,,,
oztrail-easy-fold-blockout-1-person-stretcher-tent-reduce-heat-and-light-single-camp,Easy Fold Blockout 1 Person Stretcher Tent - Reduce Heat and Light | Single,OZtrail,Amazon AU,,,,,
oztrail-easy-fold-blockout-1-person-stretcher-tent-reduce-heat-and-light-single-camp,Easy Fold Blockout 1 Person Stretcher Tent - Reduce Heat and Light | Single,OZtrail,BCF,,,,,2026-08-19T16:46:32Z
oztrail-easy-fold-blockout-1-person-stretcher-tent-reduce-heat-and-light-single-camp,Easy Fold Blockout 1 Person Stretcher Tent - Reduce Heat and Light | Single,OZtrail,Anaconda,,,,,2026-08-07T01:15:59Z
oztrail-easy-fold-blockout-1-person-stretcher-tent-reduce-heat-and-light-single-camp,Easy Fold Blockout 1 Person Stretcher Tent - Reduce Heat and Light | Single,OZtrail,Snowys,,,,,2026-08-19T15:49:09Z
oztrail-easy-fold-blockout-1-person-stretcher-tent-reduce-heat-and-light-single-camp,Easy Fold Blockout 1 Person Stretcher Tent - Reduce Heat and Light | Single,OZtrail,Tentworld,,,,,2026-08-19T19:19:25Z
oztrail-easy-fold-blockout-1-person-stretcher-tent-reduce-heat-and-light-single-camp,Easy Fold Blockout 1 Person Stretcher Tent - Reduce Heat and Light | Single,OZtrail,Wild Earth,,,,,2026-08-19T21:01:17Z
vango-vango-opera-600-6-person-camping-hiking-tent-apple-vte-op600-m-3,Vango Opera 600 6 Person Tent - Apple (VTE-OP600-M),Vango,eBay AU,,,,,
vango-vango-opera-600-6-person-camping-hiking-tent-apple-vte-op600-m-3,Vango Opera 600 6 Person Tent - Apple (VTE-OP600-M),Vango,Amazon AU,,,,,
vango-vango-opera-600-6-person-camping-hiking-tent-apple-vte-op600-m-3,Vango Opera 600 6 Person Tent - Apple (VTE-OP600-M),Vango,BCF,,,,,2026-08-19T16:46:32Z
vango-vango-opera-600-6-person-camping-hiking-tent-apple-vte-op600-m-3,Vango Opera 600 6 Person Tent - Apple (VTE-OP600-M),Vango,Anaconda,,,,,2026-08-07T01:15:59Z
vango-vango-opera-600-6-person-camping-hiking-tent-apple-vte-op600-m-3,Vango Opera 600 6 Person Tent - Apple (VTE-OP600-M),Vango,Snowys,,,,,2026-08-19T15:49:09Z
vango-vango-opera-600-6-person-camping-hiking-tent-apple-vte-op600-m-3,Vango Opera 600 6 Person Tent - Apple (VTE-OP600-M),Vango,Tentworld,,,,,2026-08-19T19:19:25Z
vango-vango-opera-600-6-person-camping-hiking-tent-apple-vte-op600-m-3,Vango Opera 600 6 Person Tent - Apple (VTE-OP600-M),Vango,Wild Earth,,,,,2026-08-19T21:01:17Z
coleman-camping-tent-instant-up-silver-series-weathertec-system-for-waterproof-and-win-69,"Camping Tent, Instant up Silver Series, Weathertec System for Waterproof and Win",Coleman,eBay AU,,,,,
coleman-camping-tent-instant-up-silver-series-weathertec-system-for-waterproof-and-win-69,"Camping Tent, Instant up Silver Series, Weathertec System for Waterproof and Win",Coleman,Amazon AU,,,,,
coleman-camping-tent-instant-up-silver-series-weathertec-system-for-waterproof-and-win-69,"Camping Tent, Instant up Silver Series, Weathertec System for Waterproof and Win",Coleman,BCF,,,,,2026-08-19T16:46:32Z
coleman-camping-tent-instant-up-silver-series-weathertec-system-for-waterproof-and-win-69,"Camping Tent, Instant up Silver Series, Weathertec System for Waterproof and Win",Coleman,Anaconda,,,,,2026-08-07T01:15:59Z
coleman-camping-tent-instant-up-silver-series-weathertec-system-for-waterproof-and-win-69,"Camping Tent, Instant up Silver Series, Weathertec System for Waterproof and Win",Coleman,Snowys,,,,,2026-08-19T15:49:09Z
coleman-camping-tent-instant-up-silver-series-weathertec-system-for-waterproof-and-win-69,"Camping Tent, Instant up Silver Series, Weathertec System for Waterproof and Win",Coleman,Tentworld,,,,,2026-08-19T19:19:25Z
coleman-camping-tent-instant-up-silver-series-weathertec-system-for-waterproof-and-win-69,"Camping Tent, Instant up Silver Series, Weathertec System for Waterproof and Win",Coleman,Wild Earth,,,,,2026-08-19T21:01:17Z
vango-vango-helvellyn-200-2-person-camping-hiking-tent-pamir-green-vte-hev200-n-4,Vango Helvellyn 200 2 Person Tent - Pamir Green (VTE-HEV200-N),Vango,eBay AU,,,,,
vango-vango-helvellyn-200-2-person-camping-hiking-tent-pamir-green-vte-hev200-n-4,Vango Helvellyn 200 2 Person Tent - Pamir Green (VTE-HEV200-N),Vango,Amazon AU,,,,,
vango-vango-helvellyn-200-2-person-camping-hiking-tent-pamir-green-vte-hev200-n-4,Vango Helvellyn 200 2 Person Tent - Pamir Green (VTE-HEV200-N),Vango,BCF,,,,,2026-08-19T16:46:32Z
vango-vango-helvellyn-200-2-person-camping-hiking-tent-pamir-green-vte-hev200-n-4,Vango Helvellyn 200 2 Person Tent - Pamir Green (VTE-HEV200-N),Vango,Anaconda,,,,,2026-08-07T01:15:59Z
vango-vango-helvellyn-200-2-person-camping-hiking-tent-pamir-green-vte-hev200-n-4,Vango Helvellyn 200 2 Person Tent - Pamir Green (VTE-HEV200-N),Vango,Snowys,,,,,2026-08-19T15:49:09Z
vango-vango-helvellyn-200-2-person-camping-hiking-tent-pamir-green-vte-hev200-n-4,Vango Helvellyn 200 2 Person Tent - Pamir Green (VTE-HEV200-N),Vango,Tentworld,,,,,2026-08-19T19:19:25Z
vango-vango-helvellyn-200-2-person-camping-hiking-tent-pamir-green-vte-hev200-n-4,Vango Helvellyn 200 2 Person Tent - Pamir Green (VTE-HEV200-N),Vango,Wild Earth,,,,,2026-08-19T21:01:17Z
vango-vango-woburn-400-4-person-camping-hiking-tent-epsom-vte-wo400-kk-15,Vango Woburn 400 4 Person Tent - Epsom (VTE-WO400-KK),Vango,eBay AU,,,,,
vango-vango-woburn-400-4-person-camping-hiking-tent-epsom-vte-wo400-kk-15,Vango Woburn 400 4 Person Tent - Epsom (VTE-WO400-KK),Vango,Amazon AU,,,,,
vango-vango-woburn-400-4-person-camping-hiking-tent-epsom-vte-wo400-kk-15,Vango Woburn 400 4 Person Tent - Epsom (VTE-WO400-KK),Vango,BCF,,,,,2026-08-19T16:46:32Z
vango-vango-woburn-400-4-person-camping-hiking-tent-epsom-vte-wo400-kk-15,Vango Woburn 400 4 Person Tent - Epsom (VTE-WO400-KK),Vango,Anaconda,,,,,2026-08-07T01:15:59Z
vango-vango-woburn-400-4-person-camping-hiking-tent-epsom-vte-wo400-kk-15,Vango Woburn 400 4 Person Tent - Epsom (VTE-WO400-KK),Vango,Snowys,,,,,2026-08-19T15:49:09Z
vango-vango-woburn-400-4-person-camping-hiking-tent-epsom-vte-wo400-kk-15,Vango Woburn 400 4 Person Tent - Epsom (VTE-WO400-KK),Vango,Tentworld,,,,,2026-08-19T19:19:25Z
vango-vango-woburn-400-4-person-camping-hiking-tent-epsom-vte-wo400-kk-15,Vango Woburn 400 4 Person Tent - Epsom (VTE-WO400-KK),Vango,Wild Earth,,,,,2026-08-19T21:01:17Z
coleman-instant-up-swagger-1-3-person-tent-11,"Instant up Swagger 1, 3 Person Tent",Coleman,eBay AU,,,,,
coleman-instant-up-swagger-1-3-person-tent-11,"Instant up Swagger 1, 3 Person Tent",Coleman,Amazon AU,,,,,
coleman-instant-up-swagger-1-3-person-tent-11,"Instant up Swagger 1, 3 Person Tent",Coleman,BCF,,,,,2026-08-19T16:46:32Z
coleman-instant-up-swagger-1-3-person-tent-11,"Instant up Swagger 1, 3 Person Tent",Coleman,Anaconda,,,,,2026-08-07T01:15:59Z
coleman-instant-up-swagger-1-3-person-tent-11,"Instant up Swagger 1, 3 Person Tent",Coleman,Snowys,,,,,2026-08-19T15:49:09Z
coleman-instant-up-swagger-1-3-person-tent-11,"Instant up Swagger 1, 3 Person Tent",Coleman,Tentworld,,,,,2026-08-19T19:19:25Z
coleman-instant-up-swagger-1-3-person-tent-11,"Instant up Swagger 1, 3 Person Tent",Coleman,Wild Earth,,,,,2026-08-19T21:01:17Z
coleman-instant-up-swagger-1-3-person-tent-12,"Instant up Swagger 1, 3 Person Tent",Coleman,eBay AU,,,,,
coleman-instant-up-swagger-1-3-person-tent-12,"Instant up Swagger 1, 3 Person Tent",Coleman,Amazon AU,,,,,
coleman-instant-up-swagger-1-3-person-tent-12,"Instant up Swagger 1, 3 Person Tent",Coleman,BCF,,,,,2026-08-19T16:46:32Z
coleman-instant-up-swagger-1-3-person-tent-12,"Instant up Swagger 1, 3 Person Tent",Coleman,Anaconda,,,,,2026-08-07T01:15:59Z
coleman-instant-up-swagger-1-3-person-tent-12,"Instant up Swagger 1, 3 Person Tent",Coleman,Snowys,,,,,2026-08-19T15:49:09Z
coleman-instant-up-swagger-1-3-person-tent-12,"Instant up Swagger 1, 3 Person Tent",Coleman,Tentworld,223.99,https://www.tentworld.com.au/buy-sale/coleman-3-person-swagger-instant-up-tent,,,2026-08-19T00:49:55Z
coleman-instant-up-swagger-1-3-person-tent-12,"Instant up Swagger 1, 3 Person Tent",Coleman,Wild Earth,,,,,2026-08-19T21:01:17Z
coleman-instant-up-swagger-1-3-person-tent-13,"Instant up Swagger 1, 3 Person Tent",Coleman,eBay AU,,,,,
coleman-instant-up-swagger-1-3-person-tent-13,"Instant up Swagger 1, 3 Person Tent",Coleman,Amazon AU,,,,,
coleman-instant-up-swagger-1-3-person-tent-13,"Instant up Swagger 1, 3 Person Tent",Coleman,BCF,,,,,2026-08-19T16:46:32Z
coleman-instant-up-swagger-1-3-person-tent-13,"Instant up Swagger 1, 3 Person Tent",Coleman,Anaconda,,,,,2026-08-07T01:15:59Z
coleman-instant-up-swagger-1-3-person-tent-13,"Instant up Swagger 1, 3 Person Tent",Coleman,Snowys,,,,,2026-08-19T15:49:09Z
coleman-instant-up-swagger-1-3-person-tent-13,"Instant up Swagger 1, 3 Person Tent",Coleman,Tentworld,223.99,https://www.tentworld.com.au/buy-sale/coleman-3-person-swagger-instant-up-tent,,,2026-08-19T00:49:55Z
coleman-instant-up-swagger-1-3-person-tent-13,"Instant up Swagger 1, 3 Person Tent",Coleman,Wild Earth,,,,,2026-08-19T21:01:17Z
vango-vango-tryfan-200-2-person-camping-hiking-tent-pamir-green-vte-try200-q-8,Vango Tryfan 200 2 Person Tent - Pamir Green (VTE-TRY200-Q),Vango,eBay AU,,,,,
vango-vango-tryfan-200-2-person-camping-hiking-tent-pamir-green-vte-try200-q-8,Vango Tryfan 200 2 Person Tent - Pamir Green (VTE-TRY200-Q),Vango,Amazon AU,,,,,
vango-vango-tryfan-200-2-person-camping-hiking-tent-pamir-green-vte-try200-q-8,Vango Tryfan 200 2 Person Tent - Pamir Green (VTE-TRY200-Q),Vango,BCF,,,,,2026-08-19T16:46:32Z
vango-vango-tryfan-200-2-person-camping-hiking-tent-pamir-green-vte-try200-q-8,Vango Tryfan 200 2 Person Tent - Pamir Green (VTE-TRY200-Q),Vango,Anaconda,,,,,2026-08-07T01:15:59Z
vango-vango-tryfan-200-2-person-camping-hiking-tent-pamir-green-vte-try200-q-8,Vango Tryfan 200 2 Person Tent - Pamir Green (VTE-TRY200-Q),Vango,Snowys,,,,,2026-08-19T15:49:09Z
vango-vango-tryfan-200-2-person-camping-hiking-tent-pamir-green-vte-try200-q-8,Vango Tryfan 200 2 Person Tent - Pamir Green (VTE-TRY200-Q),Vango,Tentworld,,,,,2026-08-19T19:19:25Z
vango-vango-tryfan-200-2-person-camping-hiking-tent-pamir-green-vte-try200-q-8,Vango Tryfan 200 2 Person Tent - Pamir Green (VTE-TRY200-Q),Vango,Wild Earth,,,,,2026-08-19T21:01:17Z
coleman-instant-up-swagger-1-3-person-tent-14,"Instant up Swagger 1, 3 Person Tent",Coleman,eBay AU,,,,,
coleman-instant-up-swagger-1-3-person-tent-14,"Instant up Swagger 1, 3 Person Tent",Coleman,Amazon AU,,,,,
coleman-instant-up-swagger-1-3-person-tent-14,"Instant up Swagger 1, 3 Person Tent",Coleman,BCF,,,,,2026-08-19T16:46:32Z
coleman-instant-up-swagger-1-3-person-tent-14,"Instant up Swagger 1, 3 Person Tent",Coleman,Anaconda,,,,,2026-08-07T01:15:59Z
coleman-instant-up-swagger-1-3-person-tent-14,"Instant up Swagger 1, 3 Person Tent",Coleman,Snowys,,,,,2026-08-19T15:49:09Z
coleman-instant-up-swagger-1-3-person-tent-14,"Instant up Swagger 1, 3 Person Tent",Coleman,Tentworld,,,,,2026-08-19T19:19:25Z
coleman-instant-up-swagger-1-3-person-tent-14,"Instant up Swagger 1, 3 Person Tent",Coleman,Wild Earth,,,,,2026-08-19T21:01:17Z
coleman-colmen-ten-man-tent,Colmen Ten Man Tent,Coleman,eBay AU,,,,,
coleman-colmen-ten-man-tent,Colmen Ten Man Tent,Coleman,Amazon AU,,,,,
coleman-colmen-ten-man-tent,Colmen Ten Man Tent,Coleman,BCF,,,,,2026-08-19T16:46:32Z
coleman-colmen-ten-man-tent,Colmen Ten Man Tent,Coleman,Anaconda,,,,,2026-08-07T01:15:59Z
coleman-colmen-ten-man-tent,Colmen Ten Man Tent,Coleman,Snowys,,,,,2026-08-19T15:49:09Z
coleman-colmen-ten-man-tent,Colmen Ten Man Tent,Coleman,Tentworld,,,,,2026-08-19T19:19:25Z
coleman-colmen-ten-man-tent,Colmen Ten Man Tent,Coleman,Wild Earth,,,,,2026-08-19T21:01:17Z
coleman-instant-up-swagger-1-3-person-tent-15,"Instant up Swagger 1, 3 Person Tent",Coleman,eBay AU,,,,,
coleman-instant-up-swagger-1-3-person-tent-15,"Instant up Swagger 1, 3 Person Tent",Coleman,Amazon AU,,,,,
coleman-instant-up-swagger-1-3-person-tent-15,"Instant up Swagger 1, 3 Person Tent",Coleman,BCF,,,,,2026-08-19T16:46:32Z
coleman-instant-up-swagger-1-3-person-tent-15,"Instant up Swagger 1, 3 Person Tent",Coleman,Anaconda,,,,,2026-08-07T01:15:59Z
coleman-instant-up-swagger-1-3-person-tent-15,"Instant up Swagger 1, 3 Person Tent",Coleman,Snowys,,,,,2026-08-19T15:49:09Z
coleman-instant-up-swagger-1-3-person-tent-15,"Instant up Swagger 1, 3 Person Tent",Coleman,Tentworld,223.99,https://www.tentworld.com.au/buy-sale/coleman-3-person-swagger-instant-up-tent,,,2026-08-19T00:56:44Z
coleman-instant-up-swagger-1-3-person-tent-15,"Instant up Swagger 1, 3 Person Tent",Coleman,Wild Earth,,,,,2026-08-19T21:01:17Z
vango-vango-kibale-350-3-person-camping-hiking-tent-moroccan-blue-vte-ki350-q-3,Vango Kibale 350 3 Person Tent - Moroccan Blue (VTE-KI350-Q),Vango,eBay AU,,,,,
vango-vango-kibale-350-3-person-camping-hiking-tent-moroccan-blue-vte-ki350-q-3,Vango Kibale 350 3 Person Tent - Moroccan Blue (VTE-KI350-Q),Vango,Amazon AU,,,,,
vango-vango-kibale-350-3-person-camping-hiking-tent-moroccan-blue-vte-ki350-q-3,Vango Kibale 350 3 Person Tent - Moroccan Blue (VTE-KI350-Q),Vango,BCF,,,,,2026-08-19T16:46:32Z
vango-vango-kibale-350-3-person-camping-hiking-tent-moroccan-blue-vte-ki350-q-3,Vango Kibale 350 3 Person Tent - Moroccan Blue (VTE-KI350-Q),Vango,Anaconda,,,,,2026-08-07T01:15:59Z
vango-vango-kibale-350-3-person-camping-hiking-tent-moroccan-blue-vte-ki350-q-3,Vango Kibale 350 3 Person Tent - Moroccan Blue (VTE-KI350-Q),Vango,Snowys,,,,,2026-08-19T15:49:09Z
vango-vango-kibale-350-3-person-camping-hiking-tent-moroccan-blue-vte-ki350-q-3,Vango Kibale 350 3 Person Tent - Moroccan Blue (VTE-KI350-Q),Vango,Tentworld,,,,,2026-08-19T19:19:25Z
vango-vango-kibale-350-3-person-camping-hiking-tent-moroccan-blue-vte-ki350-q-3,Vango Kibale 350 3 Person Tent - Moroccan Blue (VTE-KI350-Q),Vango,Wild Earth,,,,,2026-08-19T21:01:17Z
coleman-instant-up-swagger-1-3-person-tent-16,"Instant up Swagger 1, 3 Person Tent",Coleman,eBay AU,,,,,
coleman-instant-up-swagger-1-3-person-tent-16,"Instant up Swagger 1, 3 Person Tent",Coleman,Amazon AU,,,,,
coleman-instant-up-swagger-1-3-person-tent-16,"Instant up Swagger 1, 3 Person Tent",Coleman,BCF,,,,,2026-08-19T16:46:32Z
coleman-instant-up-swagger-1-3-person-tent-16,"Instant up Swagger 1, 3 Person Tent",Coleman,Anaconda,,,,,2026-08-07T21:54:56Z
coleman-instant-up-swagger-1-3-person-tent-16,"Instant up Swagger 1, 3 Person Tent",Coleman,Snowys,,,,,2026-08-19T15:49:09Z
coleman-instant-up-swagger-1-3-person-tent-16,"Instant up Swagger 1, 3 Person Tent",Coleman,Tentworld,223.99,https://www.tentworld.com.au/buy-sale/coleman-3-person-swagger-instant-up-tent,,,2026-08-19T00:56:44Z
coleman-instant-up-swagger-1-3-person-tent-16,"Instant up Swagger 1, 3 Person Tent",Coleman,Wild Earth,,,,,2026-08-19T21:01:17Z
coleman-coleman-outdoor-camping-1-person-tent-instant-up-swagger-21x108cm-11,COLEMAN Outdoor Camping 1-Person Tent Instant-Up Swagger 21x108cm,COLEMAN,eBay AU,,,,,
coleman-coleman-outdoor-camping-1-person-tent-instant-up-swagger-21x108cm-11,COLEMAN Outdoor Camping 1-Person Tent Instant-Up Swagger 21x108cm,COLEMAN,Amazon AU,,,,,
coleman-coleman-outdoor-camping-1-person-tent-instant-up-swagger-21x108cm-11,COLEMAN Outdoor Camping 1-Person Tent Instant-Up Swagger 21x108cm,COLEMAN,BCF,,,,,2026-08-19T16:46:32Z
coleman-coleman-outdoor-camping-1-person-tent-instant-up-swagger-21x108cm-11,COLEMAN Outdoor Camping 1-Person Tent Instant-Up Swagger 21x108cm,COLEMAN,Anaconda,,,,,2026-08-07T21:54:56Z
coleman-coleman-outdoor-camping-1-person-tent-instant-up-swagger-21x108cm-11,COLEMAN Outdoor Camping 1-Person Tent Instant-Up Swagger 21x108cm,COLEMAN,Snowys,,,,,2026-08-19T15:49:09Z
coleman-coleman-outdoor-camping-1-person-tent-instant-up-swagger-21x108cm-11,COLEMAN Outdoor Camping 1-Person Tent Instant-Up Swagger 21x108cm,COLEMAN,Tentworld,,,,,2026-08-19T19:19:25Z
coleman-coleman-outdoor-camping-1-person-tent-instant-up-swagger-21x108cm-11,COLEMAN Outdoor Camping 1-Person Tent Instant-Up Swagger 21x108cm,COLEMAN,Wild Earth,,,,,2026-08-19T21:01:17Z
oztrail-oztrail-halo-100-lumen-tent-light-lamp-compact-led-camping-solution,OZtrail Halo 100 Lumen Tent Light Lamp - Compact LED Camping Solution,OZtrail,eBay AU,,,,,
oztrail-oztrail-halo-100-lumen-tent-light-lamp-compact-led-camping-solution,OZtrail Halo 100 Lumen Tent Light Lamp - Compact LED Camping Solution,OZtrail,Amazon AU,,,,,
oztrail-oztrail-halo-100-lumen-tent-light-lamp-compact-led-camping-solution,OZtrail Halo 100 Lumen Tent Light Lamp - Compact LED Camping Solution,OZtrail,BCF,,,,,2026-08-19T16:46:32Z
oztrail-oztrail-halo-100-lumen-tent-light-lamp-compact-led-camping-solution,OZtrail Halo 100 Lumen Tent Light Lamp - Compact LED Camping Solution,OZtrail,Anaconda,,,,,2026-08-07T21:54:56Z
oztrail-oztrail-halo-100-lumen-tent-light-lamp-compact-led-camping-solution,OZtrail Halo 100 Lumen Tent Light Lamp - Compact LED Camping Solution,OZtrail,Snowys,,,,,2026-08-19T15:49:09Z
oztrail-oztrail-halo-100-lumen-tent-light-lamp-compact-led-camping-solution,OZtrail Halo 100 Lumen Tent Light Lamp - Compact LED Camping Solution,OZtrail,Tentworld,,,,,2026-08-19T19:19:25Z
oztrail-oztrail-halo-100-lumen-tent-light-lamp-compact-led-camping-solution,OZtrail Halo 100 Lumen Tent Light Lamp - Compact LED Camping Solution,OZtrail,Wild Earth,,,,,2026-08-19T21:01:17Z
coleman-coleman-camping-tent-instant-up-silver-series-6p,"Coleman Camping Tent, Instant Up Silver Series 6P",Coleman,eBay AU,,,,,
coleman-coleman-camping-tent-instant-up-silver-series-6p,"Coleman Camping Tent, Instant Up Silver Series 6P",Coleman,Amazon AU,,,,,
coleman-coleman-camping-tent-instant-up-silver-series-6p,"Coleman Camping Tent, Instant Up Silver Series 6P",Coleman,BCF,,,,,2026-08-19T16:46:32Z
coleman-coleman-camping-tent-instant-up-silver-series-6p,"Coleman Camping Tent, Instant Up Silver Series 6P",Coleman,Anaconda,,,,,2026-08-07T21:54:56Z
coleman-coleman-camping-tent-instant-up-silver-series-6p,"Coleman Camping Tent, Instant Up Silver Series 6P",Coleman,Snowys,,,,,2026-08-19T15:49:09Z
coleman-coleman-camping-tent-instant-up-silver-series-6p,"Coleman Camping Tent, Instant Up Silver Series 6P",Coleman,Tentworld,,,,,2026-08-19T19:19:25Z
coleman-coleman-camping-tent-instant-up-silver-series-6p,"Coleman Camping Tent, Instant Up Silver Series 6P",Coleman,Wild Earth,,,,,2026-08-19T21:01:17Z
vango-vango-halo-pro-300-3-person-camping-hiking-tent-pamir-vte-ha300-n,Vango Halo Pro 300 3 Person Tent - Pamir (VTE-HA300-N),Vango,eBay AU,,,,,
vango-vango-halo-pro-300-3-person-camping-hiking-tent-pamir-vte-ha300-n,Vango Halo Pro 300 3 Person Tent - Pamir (VTE-HA300-N),Vango,Amazon AU,,,,,
vango-vango-halo-pro-300-3-person-camping-hiking-tent-pamir-vte-ha300-n,Vango Halo Pro 300 3 Person Tent - Pamir (VTE-HA300-N),Vango,BCF,,,,,2026-08-19T16:46:32Z
vango-vango-halo-pro-300-3-person-camping-hiking-tent-pamir-vte-ha300-n,Vango Halo Pro 300 3 Person Tent - Pamir (VTE-HA300-N),Vango,Anaconda,,,,,2026-08-07T21:54:56Z
vango-vango-halo-pro-300-3-person-camping-hiking-tent-pamir-vte-ha300-n,Vango Halo Pro 300 3 Person Tent - Pamir (VTE-HA300-N),Vango,Snowys,,,,,2026-08-19T15:49:09Z
vango-vango-halo-pro-300-3-person-camping-hiking-tent-pamir-vte-ha300-n,Vango Halo Pro 300 3 Person Tent - Pamir (VTE-HA300-N),Vango,Tentworld,,,,,2026-08-19T19:19:25Z
vango-vango-halo-pro-300-3-person-camping-hiking-tent-pamir-vte-ha300-n,Vango Halo Pro 300 3 Person Tent - Pamir (VTE-HA300-N),Vango,Wild Earth,,,,,2026-08-19T21:01:17Z
coleman-coleman-4-person-instant-up-tent-camping-accessories-equipment-silver-evo,Coleman 4 Person Instant Up Tent Camping Accessories/Equipment Silver Evo,Coleman,eBay AU,,,,,
coleman-coleman-4-person-instant-up-tent-camping-accessories-equipment-silver-evo,Coleman 4 Person Instant Up Tent Camping Accessories/Equipment Silver Evo,Coleman,Amazon AU,,,,,
coleman-coleman-4-person-instant-up-tent-camping-accessories-equipment-silver-evo,Coleman 4 Person Instant Up Tent Camping Accessories/Equipment Silver Evo,Coleman,BCF,,,,,2026-08-19T16:46:32Z
coleman-coleman-4-person-instant-up-tent-camping-accessories-equipment-silver-evo,Coleman 4 Person Instant Up Tent Camping Accessories/Equipment Silver Evo,Coleman,Anaconda,,,,,2026-08-07T21:54:56Z
coleman-coleman-4-person-instant-up-tent-camping-accessories-equipment-silver-evo,Coleman 4 Person Instant Up Tent Camping Accessories/Equipment Silver Evo,Coleman,Snowys,,,,,2026-08-19T15:49:09Z
coleman-coleman-4-person-instant-up-tent-camping-accessories-equipment-silver-evo,Coleman 4 Person Instant Up Tent Camping Accessories/Equipment Silver Evo,Coleman,Tentworld,,,,,2026-08-19T19:19:25Z
coleman-coleman-4-person-instant-up-tent-camping-accessories-equipment-silver-evo,Coleman 4 Person Instant Up Tent Camping Accessories/Equipment Silver Evo,Coleman,Wild Earth,,,,,2026-08-19T21:01:17Z
coleman-coleman-3-person-tent-instant-swagger-accessories-equipment-outdoor-camping,Coleman 3 Person Tent Instant Swagger Accessories/Equipment,Coleman,eBay AU,,,,,
coleman-coleman-3-person-tent-instant-swagger-accessories-equipment-outdoor-camping,Coleman 3 Person Tent Instant Swagger Accessories/Equipment,Coleman,Amazon AU,,,,,
coleman-coleman-3-person-tent-instant-swagger-accessories-equipment-outdoor-camping,Coleman 3 Person Tent Instant Swagger Accessories/Equipment,Coleman,BCF,,,,,2026-08-19T16:46:32Z
coleman-coleman-3-person-tent-instant-swagger-accessories-equipment-outdoor-camping,Coleman 3 Person Tent Instant Swagger Accessories/Equipment,Coleman,Anaconda,,,,,2026-08-07T21:54:56Z
coleman-coleman-3-person-tent-instant-swagger-accessories-equipment-outdoor-camping,Coleman 3 Person Tent Instant Swagger Accessories/Equipment,Coleman,Snowys,,,,,2026-08-19T15:49:09Z
coleman-coleman-3-person-tent-instant-swagger-accessories-equipment-outdoor-camping,Coleman 3 Person Tent Instant Swagger Accessories/Equipment,Coleman,Tentworld,,,,,2026-08-19T19:19:25Z
coleman-coleman-3-person-tent-instant-swagger-accessories-equipment-outdoor-camping,Coleman 3 Person Tent Instant Swagger Accessories/Equipment,Coleman,Wild Earth,,,,,2026-08-19T21:01:17Z
coleman-coleman-tent-instant-up-4-person-silver-evo-camping-accessories-equipment,Coleman Tent Instant Up 4 Person Silver Evo Camping Accessories/Equipment,Coleman,eBay AU,,,,,
coleman-coleman-tent-instant-up-4-person-silver-evo-camping-accessories-equipment,Coleman Tent Instant Up 4 Person Silver Evo Camping Accessories/Equipment,Coleman,Amazon AU,,,,,
coleman-coleman-tent-instant-up-4-person-silver-evo-camping-accessories-equipment,Coleman Tent Instant Up 4 Person Silver Evo Camping Accessories/Equipment,Coleman,BCF,,,,,2026-08-19T16:46:32Z
coleman-coleman-tent-instant-up-4-person-silver-evo-camping-accessories-equipment,Coleman Tent Instant Up 4 Person Silver Evo Camping Accessories/Equipment,Coleman,Anaconda,,,,,2026-08-07T21:54:56Z
coleman-coleman-tent-instant-up-4-person-silver-evo-camping-accessories-equipment,Coleman Tent Instant Up 4 Person Silver Evo Camping Accessories/Equipment,Coleman,Snowys,,,,,2026-08-19T15:49:09Z
coleman-coleman-tent-instant-up-4-person-silver-evo-camping-accessories-equipment,Coleman Tent Instant Up 4 Person Silver Evo Camping Accessories/Equipment,Coleman,Tentworld,,,,,2026-08-19T19:19:25Z
coleman-coleman-tent-instant-up-4-person-silver-evo-camping-accessories-equipment,Coleman Tent Instant Up 4 Person Silver Evo Camping Accessories/Equipment,Coleman,Wild Earth,,,,,2026-08-19T21:01:17Z
coleman-coleman-tent-instant-3-person-swagger-outdoor-camping-accessories-equipment,Coleman Tent Instant 3 Person Swagger Outdoor Camping Accessories/Equipment,Coleman,eBay AU,,,,,
coleman-coleman-tent-instant-3-person-swagger-outdoor-camping-accessories-equipment,Coleman Tent Instant 3 Person Swagger Outdoor Camping Accessories/Equipment,Coleman,Amazon AU,,,,,
coleman-coleman-tent-instant-3-person-swagger-outdoor-camping-accessories-equipment,Coleman Tent Instant 3 Person Swagger Outdoor Camping Accessories/Equipment,Coleman,BCF,,,,,2026-08-19T16:46:32Z
coleman-coleman-tent-instant-3-person-swagger-outdoor-camping-accessories-equipment,Coleman Tent Instant 3 Person Swagger Outdoor Camping Accessories/Equipment,Coleman,Anaconda,,,,,2026-08-07T21:54:56Z
coleman-coleman-tent-instant-3-person-swagger-outdoor-camping-accessories-equipment,Coleman Tent Instant 3 Person Swagger Outdoor Camping Accessories/Equipment,Coleman,Snowys,,,,,2026-08-19T15:49:09Z
coleman-coleman-tent-instant-3-person-swagger-outdoor-camping-accessories-equipment,Coleman Tent Instant 3 Person Swagger Outdoor Camping Accessories/Equipment,Coleman,Tentworld,,,,,2026-08-19T19:19:25Z
coleman-coleman-tent-instant-3-person-swagger-outdoor-camping-accessories-equipment,Coleman Tent Instant 3 Person Swagger Outdoor Camping Accessories/Equipment,Coleman,Wild Earth,,,,,2026-08-19T21:01:17Z
coleman-coleman-swagger-instant-up-camping-tent-1-3-person-waterproof-windproof,Coleman Swagger Instant Up Camping Tent 1-3 Person Waterproof Windproof,Coleman,eBay AU,,,,,
coleman-coleman-swagger-instant-up-camping-tent-1-3-person-waterproof-windproof,Coleman Swagger Instant Up Camping Tent 1-3 Person Waterproof Windproof,Coleman,Amazon AU,,,,,
coleman-coleman-swagger-instant-up-camping-tent-1-3-person-waterproof-windproof,Coleman Swagger Instant Up Camping Tent 1-3 Person Waterproof Windproof,Coleman,BCF,,,,,2026-08-19T16:46:32Z
coleman-coleman-swagger-instant-up-camping-tent-1-3-person-waterproof-windproof,Coleman Swagger Instant Up Camping Tent 1-3 Person Waterproof Windproof,Coleman,Anaconda,,,,,2026-08-07T21:54:56Z
coleman-coleman-swagger-instant-up-camping-tent-1-3-person-waterproof-windproof,Coleman Swagger Instant Up Camping Tent 1-3 Person Waterproof Windproof,Coleman,Snowys,,,,,2026-08-19T15:49:09Z
coleman-coleman-swagger-instant-up-camping-tent-1-3-person-waterproof-windproof,Coleman Swagger Instant Up Camping Tent 1-3 Person Waterproof Windproof,Coleman,Tentworld,,,,,2026-08-19T19:19:25Z
coleman-coleman-swagger-instant-up-camping-tent-1-3-person-waterproof-windproof,Coleman Swagger Instant Up Camping Tent 1-3 Person Waterproof Windproof,Coleman,Wild Earth,,,,,2026-08-19T21:01:17Z
coleman-coleman-swagger-instant-up-1-3-person-camping-tent-waterproof-windproof,Coleman Swagger Instant Up 1-3 Person Camping Tent Waterproof Windproof,Coleman,eBay AU,,,,,
coleman-coleman-swagger-instant-up-1-3-person-camping-tent-waterproof-windproof,Coleman Swagger Instant Up 1-3 Person Camping Tent Waterproof Windproof,Coleman,Amazon AU,,,,,
coleman-coleman-swagger-instant-up-1-3-person-camping-tent-waterproof-windproof,Coleman Swagger Instant Up 1-3 Person Camping Tent Waterproof Windproof,Coleman,BCF,,,,,2026-08-19T16:46:32Z
coleman-coleman-swagger-instant-up-1-3-person-camping-tent-waterproof-windproof,Coleman Swagger Instant Up 1-3 Person Camping Tent Waterproof Windproof,Coleman,Anaconda,,,,,2026-08-07T21:54:56Z
coleman-coleman-swagger-instant-up-1-3-person-camping-tent-waterproof-windproof,Coleman Swagger Instant Up 1-3 Person Camping Tent Waterproof Windproof,Coleman,Snowys,,,,,2026-08-19T15:49:09Z
coleman-coleman-swagger-instant-up-1-3-person-camping-tent-waterproof-windproof,Coleman Swagger Instant Up 1-3 Person Camping Tent Waterproof Windproof,Coleman,Tentworld,,,,,2026-08-19T19:19:25Z
coleman-coleman-swagger-instant-up-1-3-person-camping-tent-waterproof-windproof,Coleman Swagger Instant Up 1-3 Person Camping Tent Waterproof Windproof,Coleman,Wild Earth,,,,,2026-08-19T21:01:17Z
coleman-instant-up-swagger-1-3-person-tent-17,"Instant up Swagger 1, 3 Person Tent",Coleman,eBay AU,,,,,
coleman-instant-up-swagger-1-3-person-tent-17,"Instant up Swagger 1, 3 Person Tent",Coleman,Amazon AU,,,,,
coleman-instant-up-swagger-1-3-person-tent-17,"Instant up Swagger 1, 3 Person Tent",Coleman,BCF,,,,,2026-08-19T16:46:32Z
coleman-instant-up-swagger-1-3-person-tent-17,"Instant up Swagger 1, 3 Person Tent",Coleman,Anaconda,,,,,2026-08-07T21:54:56Z
coleman-instant-up-swagger-1-3-person-tent-17,"Instant up Swagger 1, 3 Person Tent",Coleman,Snowys,,,,,2026-08-19T15:49:09Z
coleman-instant-up-swagger-1-3-person-tent-17,"Instant up Swagger 1, 3 Person Tent",Coleman,Tentworld,,,,,2026-08-19T19:19:25Z
coleman-instant-up-swagger-1-3-person-tent-17,"Instant up Swagger 1, 3 Person Tent",Coleman,Wild Earth,,,,,2026-08-19T21:01:17Z
vango-vango-alpha-250-2-person-camping-hiking-tent-earth-series-moroccan-blue-16,Vango Alpha 250 2 Person Tent - Earth Series - Moroccan Blue,Vango,eBay AU,,,,,
vango-vango-alpha-250-2-person-camping-hiking-tent-earth-series-moroccan-blue-16,Vango Alpha 250 2 Person Tent - Earth Series - Moroccan Blue,Vango,Amazon AU,,,,,
vango-vango-alpha-250-2-person-camping-hiking-tent-earth-series-moroccan-blue-16,Vango Alpha 250 2 Person Tent - Earth Series - Moroccan Blue,Vango,BCF,,,,,2026-08-19T16:46:32Z
vango-vango-alpha-250-2-person-camping-hiking-tent-earth-series-moroccan-blue-16,Vango Alpha 250 2 Person Tent - Earth Series - Moroccan Blue,Vango,Anaconda,,,,,2026-08-07T21:54:56Z
vango-vango-alpha-250-2-person-camping-hiking-tent-earth-series-moroccan-blue-16,Vango Alpha 250 2 Person Tent - Earth Series - Moroccan Blue,Vango,Snowys,,,,,2026-08-19T15:49:09Z
vango-vango-alpha-250-2-person-camping-hiking-tent-earth-series-moroccan-blue-16,Vango Alpha 250 2 Person Tent - Earth Series - Moroccan Blue,Vango,Tentworld,,,,,2026-08-19T19:19:25Z
vango-vango-alpha-250-2-person-camping-hiking-tent-earth-series-moroccan-blue-16,Vango Alpha 250 2 Person Tent - Earth Series - Moroccan Blue,Vango,Wild Earth,,,,,2026-08-19T21:01:17Z
coleman-coleman-sundome-3-person-camping-tent-2-colors,Coleman Sundome 3-Person Camping Tent 2 Colors,Coleman,eBay AU,,,,,
coleman-coleman-sundome-3-person-camping-tent-2-colors,Coleman Sundome 3-Person Camping Tent 2 Colors,Coleman,Amazon AU,,,,,
coleman-coleman-sundome-3-person-camping-tent-2-colors,Coleman Sundome 3-Person Camping Tent 2 Colors,Coleman,BCF,,,,,2026-08-19T16:46:32Z
coleman-coleman-sundome-3-person-camping-tent-2-colors,Coleman Sundome 3-Person Camping Tent 2 Colors,Coleman,Anaconda,,,,,2026-08-07T21:54:56Z
coleman-coleman-sundome-3-person-camping-tent-2-colors,Coleman Sundome 3-Person Camping Tent 2 Colors,Coleman,Snowys,,,,,2026-08-19T15:49:09Z
coleman-coleman-sundome-3-person-camping-tent-2-colors,Coleman Sundome 3-Person Camping Tent 2 Colors,Coleman,Tentworld,,,,,2026-08-19T19:19:25Z
coleman-coleman-sundome-3-person-camping-tent-2-colors,Coleman Sundome 3-Person Camping Tent 2 Colors,Coleman,Wild Earth,,,,,2026-08-19T21:01:17Z
coleman-coleman-outdoor-instant-camping-shower-tent-ensuite-single-pop-up-21x116cm-16,Coleman Outdoor Instant Camping Shower Tent Ensuite Single Pop-Up 21x116cm,Coleman,eBay AU,,,,,
coleman-coleman-outdoor-instant-camping-shower-tent-ensuite-single-pop-up-21x116cm-16,Coleman Outdoor Instant Camping Shower Tent Ensuite Single Pop-Up 21x116cm,Coleman,Amazon AU,,,,,
coleman-coleman-outdoor-instant-camping-shower-tent-ensuite-single-pop-up-21x116cm-16,Coleman Outdoor Instant Camping Shower Tent Ensuite Single Pop-Up 21x116cm,Coleman,BCF,,,,,2026-08-19T16:46:32Z
coleman-coleman-outdoor-instant-camping-shower-tent-ensuite-single-pop-up-21x116cm-16,Coleman Outdoor Instant Camping Shower Tent Ensuite Single Pop-Up 21x116cm,Coleman,Anaconda,,,,,2026-08-07T21:54:56Z
coleman-coleman-outdoor-instant-camping-shower-tent-ensuite-single-pop-up-21x116cm-16,Coleman Outdoor Instant Camping Shower Tent Ensuite Single Pop-Up 21x116cm,Coleman,Snowys,,,,,2026-08-19T15:49:09Z
coleman-coleman-outdoor-instant-camping-shower-tent-ensuite-single-pop-up-21x116cm-16,Coleman Outdoor Instant Camping Shower Tent Ensuite Single Pop-Up 21x116cm,Coleman,Tentworld,,,,,2026-08-19T19:19:25Z
coleman-coleman-outdoor-instant-camping-shower-tent-ensuite-single-pop-up-21x116cm-16,Coleman Outdoor Instant Camping Shower Tent Ensuite Single Pop-Up 21x116cm,Coleman,Wild Earth,,,,,2026-08-19T21:01:17Z
coleman-coleman-4-person-dark-room-skydome-camping-tent,Coleman 4-Person Dark Room Skydome Camping Tent,Coleman,eBay AU,,,,,
coleman-coleman-4-person-dark-room-skydome-camping-tent,Coleman 4-Person Dark Room Skydome Camping Tent,Coleman,Amazon AU,,,,,
coleman-coleman-4-person-dark-room-skydome-camping-tent,Coleman 4-Person Dark Room Skydome Camping Tent,Coleman,BCF,,,,,2026-08-19T16:46:32Z
coleman-coleman-4-person-dark-room-skydome-camping-tent,Coleman 4-Person Dark Room Skydome Camping Tent,Coleman,Anaconda,,,,,2026-08-07T21:54:56Z
coleman-coleman-4-person-dark-room-skydome-camping-tent,Coleman 4-Person Dark Room Skydome Camping Tent,Coleman,Snowys,,,,,2026-08-19T15:49:09Z
coleman-coleman-4-person-dark-room-skydome-camping-tent,Coleman 4-Person Dark Room Skydome Camping Tent,Coleman,Tentworld,,,,,2026-08-19T19:19:25Z
coleman-coleman-4-person-dark-room-skydome-camping-tent,Coleman 4-Person Dark Room Skydome Camping Tent,Coleman,Wild Earth,,,,,2026-08-19T21:01:17Z
coleman-coleman-sundome-4-person-camping-tent,Coleman Sundome 4-Person Camping Tent,Coleman,eBay AU,,,,,
coleman-coleman-sundome-4-person-camping-tent,Coleman Sundome 4-Person Camping Tent,Coleman,Amazon AU,,,,,
coleman-coleman-sundome-4-person-camping-tent,Coleman Sundome 4-Person Camping Tent,Coleman,BCF,,,,,2026-08-19T16:46:32Z
coleman-coleman-sundome-4-person-camping-tent,Coleman Sundome 4-Person Camping Tent,Coleman,Anaconda,,,,,2026-08-07T21:54:56Z
coleman-coleman-sundome-4-person-camping-tent,Coleman Sundome 4-Person Camping Tent,Coleman,Snowys,,,,,2026-08-19T15:49:09Z
coleman-coleman-sundome-4-person-camping-tent,Coleman Sundome 4-Person Camping Tent,Coleman,Tentworld,,,,,2026-08-19T19:19:25Z
coleman-coleman-sundome-4-person-camping-tent,Coleman Sundome 4-Person Camping Tent,Coleman,Wild Earth,,,,,2026-08-19T21:01:17Z
coleman-instant-up-swagger-1-3-person-tent-18,"Instant up Swagger 1, 3 Person Tent",Coleman,eBay AU,,,,,
coleman-instant-up-swagger-1-3-person-tent-18,"Instant up Swagger 1, 3 Person Tent",Coleman,Amazon AU,,,,,
coleman-instant-up-swagger-1-3-person-tent-18,"Instant up Swagger 1, 3 Person Tent",Coleman,BCF,,,,,2026-08-19T16:46:32Z
coleman-instant-up-swagger-1-3-person-tent-18,"Instant up Swagger 1, 3 Person Tent",Coleman,Anaconda,,,,,2026-08-07T21:54:56Z
coleman-instant-up-swagger-1-3-person-tent-18,"Instant up Swagger 1, 3 Person Tent",Coleman,Snowys,,,,,2026-08-19T15:49:09Z
coleman-instant-up-swagger-1-3-person-tent-18,"Instant up Swagger 1, 3 Person Tent",Coleman,Tentworld,223.99,https://www.tentworld.com.au/buy-sale/coleman-3-person-swagger-instant-up-tent,,,2026-08-19T01:03:46Z
coleman-instant-up-swagger-1-3-person-tent-18,"Instant up Swagger 1, 3 Person Tent",Coleman,Wild Earth,,,,,2026-08-19T21:01:17Z
coleman-instant-up-swagger-1-3-person-tent-19,"Instant up Swagger 1, 3 Person Tent",Coleman,eBay AU,,,,,
coleman-instant-up-swagger-1-3-person-tent-19,"Instant up Swagger 1, 3 Person Tent",Coleman,Amazon AU,,,,,
coleman-instant-up-swagger-1-3-person-tent-19,"Instant up Swagger 1, 3 Person Tent",Coleman,BCF,,,,,2026-08-19T16:46:32Z
coleman-instant-up-swagger-1-3-person-tent-19,"Instant up Swagger 1, 3 Person Tent",Coleman,Anaconda,,,,,2026-08-07T21:54:56Z
coleman-instant-up-swagger-1-3-person-tent-19,"Instant up Swagger 1, 3 Person Tent",Coleman,Snowys,,,,,2026-08-19T15:49:09Z
coleman-instant-up-swagger-1-3-person-tent-19,"Instant up Swagger 1, 3 Person Tent",Coleman,Tentworld,,,,,2026-08-19T19:19:25Z
coleman-instant-up-swagger-1-3-person-tent-19,"Instant up Swagger 1, 3 Person Tent",Coleman,Wild Earth,,,,,2026-08-19T21:01:17Z
smart-tech-instant-up-swagger-1-3-person-tent,"Instant up Swagger 1, 3 Person Tent",smart tech,eBay AU,,,,,
smart-tech-instant-up-swagger-1-3-person-tent,"Instant up Swagger 1, 3 Person Tent",smart tech,Amazon AU,,,,,
smart-tech-instant-up-swagger-1-3-person-tent,"Instant up Swagger 1, 3 Person Tent",smart tech,BCF,,,,,2026-08-19T16:46:32Z
smart-tech-instant-up-swagger-1-3-person-tent,"Instant up Swagger 1, 3 Person Tent",smart tech,Anaconda,,,,,2026-08-08T21:45:53Z
smart-tech-instant-up-swagger-1-3-person-tent,"Instant up Swagger 1, 3 Person Tent",smart tech,Snowys,,,,,2026-08-19T15:49:09Z
smart-tech-instant-up-swagger-1-3-person-tent,"Instant up Swagger 1, 3 Person Tent",smart tech,Tentworld,,,,,2026-08-19T19:19:25Z
smart-tech-instant-up-swagger-1-3-person-tent,"Instant up Swagger 1, 3 Person Tent",smart tech,Wild Earth,,,,,2026-08-19T21:01:17Z
smart-tech-instant-up-swagger-1-3-person-tent-2,"Instant up Swagger 1, 3 Person Tent",smart tech,eBay AU,,,,,
smart-tech-instant-up-swagger-1-3-person-tent-2,"Instant up Swagger 1, 3 Person Tent",smart tech,Amazon AU,,,,,
smart-tech-instant-up-swagger-1-3-person-tent-2,"Instant up Swagger 1, 3 Person Tent",smart tech,BCF,,,,,2026-08-19T16:46:32Z
smart-tech-instant-up-swagger-1-3-person-tent-2,"Instant up Swagger 1, 3 Person Tent",smart tech,Anaconda,,,,,2026-08-08T21:45:53Z
smart-tech-instant-up-swagger-1-3-person-tent-2,"Instant up Swagger 1, 3 Person Tent",smart tech,Snowys,,,,,2026-08-19T15:49:09Z
smart-tech-instant-up-swagger-1-3-person-tent-2,"Instant up Swagger 1, 3 Person Tent",smart tech,Tentworld,,,,,2026-08-19T19:19:25Z
smart-tech-instant-up-swagger-1-3-person-tent-2,"Instant up Swagger 1, 3 Person Tent",smart tech,Wild Earth,,,,,2026-08-19T21:01:17Z
coleman-instant-up-swagger-1-3-person-tent-20,"Instant up Swagger 1, 3 Person Tent",Coleman,eBay AU,,,,,
coleman-instant-up-swagger-1-3-person-tent-20,"Instant up Swagger 1, 3 Person Tent",Coleman,Amazon AU,,,,,
coleman-instant-up-swagger-1-3-person-tent-20,"Instant up Swagger 1, 3 Person Tent",Coleman,BCF,,,,,2026-08-19T16:46:32Z
coleman-instant-up-swagger-1-3-person-tent-20,"Instant up Swagger 1, 3 Person Tent",Coleman,Anaconda,,,,,2026-08-08T21:45:53Z
coleman-instant-up-swagger-1-3-person-tent-20,"Instant up Swagger 1, 3 Person Tent",Coleman,Snowys,,,,,2026-08-19T15:49:09Z
coleman-instant-up-swagger-1-3-person-tent-20,"Instant up Swagger 1, 3 Person Tent",Coleman,Tentworld,223.99,https://www.tentworld.com.au/buy-sale/coleman-3-person-swagger-instant-up-tent,,,2026-08-19T01:03:46Z
coleman-instant-up-swagger-1-3-person-tent-20,"Instant up Swagger 1, 3 Person Tent",Coleman,Wild Earth,,,,,2026-08-19T21:01:17Z
endlessessential-instant-up-swagger-1-3-person-tent,"Instant up Swagger 1, 3 Person Tent",endlessessential,eBay AU,,,,,
endlessessential-instant-up-swagger-1-3-person-tent,"Instant up Swagger 1, 3 Person Tent",endlessessential,Amazon AU,,,,,
endlessessential-instant-up-swagger-1-3-person-tent,"Instant up Swagger 1, 3 Person Tent",endlessessential,BCF,,,,,2026-08-19T16:46:32Z
endlessessential-instant-up-swagger-1-3-person-tent,"Instant up Swagger 1, 3 Person Tent",endlessessential,Anaconda,,,,,2026-08-08T21:45:53Z
endlessessential-instant-up-swagger-1-3-person-tent,"Instant up Swagger 1, 3 Person Tent",endlessessential,Snowys,,,,,2026-08-19T15:49:09Z
endlessessential-instant-up-swagger-1-3-person-tent,"Instant up Swagger 1, 3 Person Tent",endlessessential,Tentworld,,,,,2026-08-19T19:19:25Z
endlessessential-instant-up-swagger-1-3-person-tent,"Instant up Swagger 1, 3 Person Tent",endlessessential,Wild Earth,,,,,2026-08-19T21:01:17Z
endlessessential-instant-up-swagger-1-3-person-tent-2,"Instant up Swagger 1, 3 Person Tent",endlessessential,eBay AU,,,,,
endlessessential-instant-up-swagger-1-3-person-tent-2,"Instant up Swagger 1, 3 Person Tent",endlessessential,Amazon AU,,,,,
endlessessential-instant-up-swagger-1-3-person-tent-2,"Instant up Swagger 1, 3 Person Tent",endlessessential,BCF,,,,,2026-08-19T16:46:32Z
endlessessential-instant-up-swagger-1-3-person-tent-2,"Instant up Swagger 1, 3 Person Tent",endlessessential,Anaconda,,,,,2026-08-08T21:45:53Z
endlessessential-instant-up-swagger-1-3-person-tent-2,"Instant up Swagger 1, 3 Person Tent",endlessessential,Snowys,,,,,2026-08-19T15:49:09Z
endlessessential-instant-up-swagger-1-3-person-tent-2,"Instant up Swagger 1, 3 Person Tent",endlessessential,Tentworld,,,,,2026-08-19T19:19:25Z
endlessessential-instant-up-swagger-1-3-person-tent-2,"Instant up Swagger 1, 3 Person Tent",endlessessential,Wild Earth,,,,,2026-08-19T21:01:17Z
coleman-instant-up-swagger-1-3-person-tent-21,"Instant up Swagger 1, 3 Person Tent",Coleman,eBay AU,,,,,
coleman-instant-up-swagger-1-3-person-tent-21,"Instant up Swagger 1, 3 Person Tent",Coleman,Amazon AU,,,,,
coleman-instant-up-swagger-1-3-person-tent-21,"Instant up Swagger 1, 3 Person Tent",Coleman,BCF,,,,,2026-08-19T16:46:32Z
coleman-instant-up-swagger-1-3-person-tent-21,"Instant up Swagger 1, 3 Person Tent",Coleman,Anaconda,,,,,2026-08-08T21:45:53Z
coleman-instant-up-swagger-1-3-person-tent-21,"Instant up Swagger 1, 3 Person Tent",Coleman,Snowys,,,,,2026-08-19T15:49:09Z
coleman-instant-up-swagger-1-3-person-tent-21,"Instant up Swagger 1, 3 Person Tent",Coleman,Tentworld,223.99,https://www.tentworld.com.au/buy-sale/coleman-3-person-swagger-instant-up-tent,,,2026-08-18T14:44:46Z
coleman-instant-up-swagger-1-3-person-tent-21,"Instant up Swagger 1, 3 Person Tent",Coleman,Wild Earth,,,,,2026-08-19T21:01:17Z
oztrail-fast-frame-ensuite-tent-camping-shower-toilet-change-room-privacy-shelter,Fast Frame Ensuite Tent Camping Shower Toilet Change Room Privacy Shelter,OZtrail,eBay AU,,,,,
oztrail-fast-frame-ensuite-tent-camping-shower-toilet-change-room-privacy-shelter,Fast Frame Ensuite Tent Camping Shower Toilet Change Room Privacy Shelter,OZtrail,Amazon AU,,,,,
oztrail-fast-frame-ensuite-tent-camping-shower-toilet-change-room-privacy-shelter,Fast Frame Ensuite Tent Camping Shower Toilet Change Room Privacy Shelter,OZtrail,BCF,,,,,2026-08-19T16:46:32Z
oztrail-fast-frame-ensuite-tent-camping-shower-toilet-change-room-privacy-shelter,Fast Frame Ensuite Tent Camping Shower Toilet Change Room Privacy Shelter,OZtrail,Anaconda,,,,,2026-08-08T21:45:53Z
oztrail-fast-frame-ensuite-tent-camping-shower-toilet-change-room-privacy-shelter,Fast Frame Ensuite Tent Camping Shower Toilet Change Room Privacy Shelter,OZtrail,Snowys,,,,,2026-08-19T15:49:09Z
oztrail-fast-frame-ensuite-tent-camping-shower-toilet-change-room-privacy-shelter,Fast Frame Ensuite Tent Camping Shower Toilet Change Room Privacy Shelter,OZtrail,Tentworld,,,,,2026-08-19T19:19:25Z
oztrail-fast-frame-ensuite-tent-camping-shower-toilet-change-room-privacy-shelter,Fast Frame Ensuite Tent Camping Shower Toilet Change Room Privacy Shelter,OZtrail,Wild Earth,,,,,2026-08-19T21:01:17Z
coleman-instant-up-swagger-1-3-person-tent-22,"Instant up Swagger 1, 3 Person Tent",Coleman,eBay AU,,,,,
coleman-instant-up-swagger-1-3-person-tent-22,"Instant up Swagger 1, 3 Person Tent",Coleman,Amazon AU,,,,,
coleman-instant-up-swagger-1-3-person-tent-22,"Instant up Swagger 1, 3 Person Tent",Coleman,BCF,,,,,2026-08-19T16:46:32Z
coleman-instant-up-swagger-1-3-person-tent-22,"Instant up Swagger 1, 3 Person Tent",Coleman,Anaconda,,,,,2026-08-08T21:45:53Z
coleman-instant-up-swagger-1-3-person-tent-22,"Instant up Swagger 1, 3 Person Tent",Coleman,Snowys,,,,,2026-08-19T15:49:09Z
coleman-instant-up-swagger-1-3-person-tent-22,"Instant up Swagger 1, 3 Person Tent",Coleman,Tentworld,223.99,https://www.tentworld.com.au/buy-sale/coleman-3-person-swagger-instant-up-tent,,,2026-08-08T21:45:53Z
coleman-instant-up-swagger-1-3-person-tent-22,"Instant up Swagger 1, 3 Person Tent",Coleman,Wild Earth,,,,,2026-08-19T21:01:17Z
coleman-instant-up-swagger-1-3-person-tent-23,"Instant up Swagger 1, 3 Person Tent",Coleman,eBay AU,,,,,
coleman-instant-up-swagger-1-3-person-tent-23,"Instant up Swagger 1, 3 Person Tent",Coleman,Amazon AU,,,,,
coleman-instant-up-swagger-1-3-person-tent-23,"Instant up Swagger 1, 3 Person Tent",Coleman,BCF,,,,,2026-08-19T16:46:32Z
coleman-instant-up-swagger-1-3-person-tent-23,"Instant up Swagger 1, 3 Person Tent",Coleman,Anaconda,,,,,2026-08-08T21:45:53Z
coleman-instant-up-swagger-1-3-person-tent-23,"Instant up Swagger 1, 3 Person Tent",Coleman,Snowys,,,,,2026-08-19T15:49:09Z
coleman-instant-up-swagger-1-3-person-tent-23,"Instant up Swagger 1, 3 Person Tent",Coleman,Tentworld,223.99,https://www.tentworld.com.au/buy-sale/coleman-3-person-swagger-instant-up-tent,,,2026-08-18T14:44:46Z
coleman-instant-up-swagger-1-3-person-tent-23,"Instant up Swagger 1, 3 Person Tent",Coleman,Wild Earth,,,,,2026-08-19T21:01:17Z
coleman-coleman-21x108cm-1-person-outdoor-camping-tent-instant-up-swagger-17,COLEMAN 21x108cm 1-Person Outdoor Camping Tent Instant-Up Swagger,COLEMAN,eBay AU,,,,,
coleman-coleman-21x108cm-1-person-outdoor-camping-tent-instant-up-swagger-17,COLEMAN 21x108cm 1-Person Outdoor Camping Tent Instant-Up Swagger,COLEMAN,Amazon AU,,,,,
coleman-coleman-21x108cm-1-person-outdoor-camping-tent-instant-up-swagger-17,COLEMAN 21x108cm 1-Person Outdoor Camping Tent Instant-Up Swagger,COLEMAN,BCF,,,,,2026-08-19T16:46:32Z
coleman-coleman-21x108cm-1-person-outdoor-camping-tent-instant-up-swagger-17,COLEMAN 21x108cm 1-Person Outdoor Camping Tent Instant-Up Swagger,COLEMAN,Anaconda,,,,,2026-08-08T21:45:53Z
coleman-coleman-21x108cm-1-person-outdoor-camping-tent-instant-up-swagger-17,COLEMAN 21x108cm 1-Person Outdoor Camping Tent Instant-Up Swagger,COLEMAN,Snowys,,,,,2026-08-19T15:49:09Z
coleman-coleman-21x108cm-1-person-outdoor-camping-tent-instant-up-swagger-17,COLEMAN 21x108cm 1-Person Outdoor Camping Tent Instant-Up Swagger,COLEMAN,Tentworld,,,,,2026-08-19T19:19:25Z
coleman-coleman-21x108cm-1-person-outdoor-camping-tent-instant-up-swagger-17,COLEMAN 21x108cm 1-Person Outdoor Camping Tent Instant-Up Swagger,COLEMAN,Wild Earth,,,,,2026-08-19T21:01:17Z
coleman-instant-up-swagger-1-3-person-tent-24,"Instant up Swagger 1, 3 Person Tent",Coleman,eBay AU,,,,,
coleman-instant-up-swagger-1-3-person-tent-24,"Instant up Swagger 1, 3 Person Tent",Coleman,Amazon AU,,,,,
coleman-instant-up-swagger-1-3-person-tent-24,"Instant up Swagger 1, 3 Person Tent",Coleman,BCF,,,,,2026-08-19T16:46:32Z
coleman-instant-up-swagger-1-3-person-tent-24,"Instant up Swagger 1, 3 Person Tent",Coleman,Anaconda,,,,,2026-08-08T21:45:53Z
coleman-instant-up-swagger-1-3-person-tent-24,"Instant up Swagger 1, 3 Person Tent",Coleman,Snowys,,,,,2026-08-19T15:49:09Z
coleman-instant-up-swagger-1-3-person-tent-24,"Instant up Swagger 1, 3 Person Tent",Coleman,Tentworld,223.99,https://www.tentworld.com.au/buy-sale/coleman-3-person-swagger-instant-up-tent,,,2026-08-18T14:44:46Z
coleman-instant-up-swagger-1-3-person-tent-24,"Instant up Swagger 1, 3 Person Tent",Coleman,Wild Earth,,,,,2026-08-19T21:01:17Z
coleman-instant-up-swagger-1-3-person-tent-25,"Instant up Swagger 1, 3 Person Tent",Coleman,eBay AU,,,,,
coleman-instant-up-swagger-1-3-person-tent-25,"Instant up Swagger 1, 3 Person Tent",Coleman,Amazon AU,,,,,
coleman-instant-up-swagger-1-3-person-tent-25,"Instant up Swagger 1, 3 Person Tent",Coleman,BCF,,,,,2026-08-19T16:46:32Z
coleman-instant-up-swagger-1-3-person-tent-25,"Instant up Swagger 1, 3 Person Tent",Coleman,Anaconda,,,,,2026-08-09T21:47:11Z
coleman-instant-up-swagger-1-3-person-tent-25,"Instant up Swagger 1, 3 Person Tent",Coleman,Snowys,,,,,2026-08-19T15:49:09Z
coleman-instant-up-swagger-1-3-person-tent-25,"Instant up Swagger 1, 3 Person Tent",Coleman,Tentworld,223.99,https://www.tentworld.com.au/buy-sale/coleman-3-person-swagger-instant-up-tent,,,2026-08-19T01:10:37Z
coleman-instant-up-swagger-1-3-person-tent-25,"Instant up Swagger 1, 3 Person Tent",Coleman,Wild Earth,,,,,2026-08-19T21:01:17Z
coleman-instant-up-swagger-1-3-person-tent-26,"Instant up Swagger 1, 3 Person Tent",Coleman,eBay AU,,,,,
coleman-instant-up-swagger-1-3-person-tent-26,"Instant up Swagger 1, 3 Person Tent",Coleman,Amazon AU,,,,,
coleman-instant-up-swagger-1-3-person-tent-26,"Instant up Swagger 1, 3 Person Tent",Coleman,BCF,,,,,2026-08-19T16:46:32Z
coleman-instant-up-swagger-1-3-person-tent-26,"Instant up Swagger 1, 3 Person Tent",Coleman,Anaconda,,,,,2026-08-09T21:47:11Z
coleman-instant-up-swagger-1-3-person-tent-26,"Instant up Swagger 1, 3 Person Tent",Coleman,Snowys,,,,,2026-08-19T15:49:09Z
coleman-instant-up-swagger-1-3-person-tent-26,"Instant up Swagger 1, 3 Person Tent",Coleman,Tentworld,223.99,https://www.tentworld.com.au/buy-sale/coleman-3-person-swagger-instant-up-tent,,,2026-08-19T01:10:37Z
coleman-instant-up-swagger-1-3-person-tent-26,"Instant up Swagger 1, 3 Person Tent",Coleman,Wild Earth,,,,,2026-08-19T21:01:17Z
coleman-instant-up-swagger-1-3-person-tent-27,"Instant up Swagger 1, 3 Person Tent",Coleman,eBay AU,,,,,
coleman-instant-up-swagger-1-3-person-tent-27,"Instant up Swagger 1, 3 Person Tent",Coleman,Amazon AU,,,,,
coleman-instant-up-swagger-1-3-person-tent-27,"Instant up Swagger 1, 3 Person Tent",Coleman,BCF,,,,,2026-08-19T16:46:32Z
coleman-instant-up-swagger-1-3-person-tent-27,"Instant up Swagger 1, 3 Person Tent",Coleman,Anaconda,,,,,2026-08-09T21:47:11Z
coleman-instant-up-swagger-1-3-person-tent-27,"Instant up Swagger 1, 3 Person Tent",Coleman,Snowys,,,,,2026-08-19T15:49:09Z
coleman-instant-up-swagger-1-3-person-tent-27,"Instant up Swagger 1, 3 Person Tent",Coleman,Tentworld,223.99,https://www.tentworld.com.au/buy-sale/coleman-3-person-swagger-instant-up-tent,,,2026-08-19T01:10:37Z
coleman-instant-up-swagger-1-3-person-tent-27,"Instant up Swagger 1, 3 Person Tent",Coleman,Wild Earth,,,,,2026-08-19T21:01:17Z
oztrail-oztrail-gazebo-tent-inner-kit-3-0-6p-mesh-camping-shelter-bug-free-room-grey-new,OZtrail Gazebo Tent Inner Kit 3.0 6P Mesh Camping Shelter Bug Free Room Grey,OZtrail,eBay AU,,,,,
oztrail-oztrail-gazebo-tent-inner-kit-3-0-6p-mesh-camping-shelter-bug-free-room-grey-new,OZtrail Gazebo Tent Inner Kit 3.0 6P Mesh Camping Shelter Bug Free Room Grey,OZtrail,Amazon AU,,,,,
oztrail-oztrail-gazebo-tent-inner-kit-3-0-6p-mesh-camping-shelter-bug-free-room-grey-new,OZtrail Gazebo Tent Inner Kit 3.0 6P Mesh Camping Shelter Bug Free Room Grey,OZtrail,BCF,,,,,2026-08-19T16:46:32Z
oztrail-oztrail-gazebo-tent-inner-kit-3-0-6p-mesh-camping-shelter-bug-free-room-grey-new,OZtrail Gazebo Tent Inner Kit 3.0 6P Mesh Camping Shelter Bug Free Room Grey,OZtrail,Anaconda,,,,,2026-08-09T21:47:11Z
oztrail-oztrail-gazebo-tent-inner-kit-3-0-6p-mesh-camping-shelter-bug-free-room-grey-new,OZtrail Gazebo Tent Inner Kit 3.0 6P Mesh Camping Shelter Bug Free Room Grey,OZtrail,Snowys,,,,,2026-08-19T15:49:09Z
oztrail-oztrail-gazebo-tent-inner-kit-3-0-6p-mesh-camping-shelter-bug-free-room-grey-new,OZtrail Gazebo Tent Inner Kit 3.0 6P Mesh Camping Shelter Bug Free Room Grey,OZtrail,Tentworld,,,,,2026-08-19T19:19:25Z
oztrail-oztrail-gazebo-tent-inner-kit-3-0-6p-mesh-camping-shelter-bug-free-room-grey-new,OZtrail Gazebo Tent Inner Kit 3.0 6P Mesh Camping Shelter Bug Free Room Grey,OZtrail,Wild Earth,,,,,2026-08-19T21:01:17Z
coleman-coleman-lighted-darkroom-6-person-camping-tent-northstar-instant-up-470x270cm-20,COLEMAN Lighted Darkroom 6-Person Camping Tent Northstar Instant-Up 470x270cm,COLEMAN,eBay AU,,,,,
coleman-coleman-lighted-darkroom-6-person-camping-tent-northstar-instant-up-470x270cm-20,COLEMAN Lighted Darkroom 6-Person Camping Tent Northstar Instant-Up 470x270cm,COLEMAN,Amazon AU,,,,,
coleman-coleman-lighted-darkroom-6-person-camping-tent-northstar-instant-up-470x270cm-20,COLEMAN Lighted Darkroom 6-Person Camping Tent Northstar Instant-Up 470x270cm,COLEMAN,BCF,,,,,2026-08-19T16:46:32Z
coleman-coleman-lighted-darkroom-6-person-camping-tent-northstar-instant-up-470x270cm-20,COLEMAN Lighted Darkroom 6-Person Camping Tent Northstar Instant-Up 470x270cm,COLEMAN,Anaconda,,,,,2026-08-09T21:47:11Z
coleman-coleman-lighted-darkroom-6-person-camping-tent-northstar-instant-up-470x270cm-20,COLEMAN Lighted Darkroom 6-Person Camping Tent Northstar Instant-Up 470x270cm,COLEMAN,Snowys,,,,,2026-08-19T15:49:09Z
coleman-coleman-lighted-darkroom-6-person-camping-tent-northstar-instant-up-470x270cm-20,COLEMAN Lighted Darkroom 6-Person Camping Tent Northstar Instant-Up 470x270cm,COLEMAN,Tentworld,,,,,2026-08-19T19:19:25Z
coleman-coleman-lighted-darkroom-6-person-camping-tent-northstar-instant-up-470x270cm-20,COLEMAN Lighted Darkroom 6-Person Camping Tent Northstar Instant-Up 470x270cm,COLEMAN,Wild Earth,,,,,2026-08-19T21:01:17Z
oztrail-lightweight-portable-hiking-tent-waterproof-easy-setup-for-outdoor-camping,Tent Waterproof Easy Setup,OZtrail,eBay AU,,,,,
oztrail-lightweight-portable-hiking-tent-waterproof-easy-setup-for-outdoor-camping,Tent Waterproof Easy Setup,OZtrail,Amazon AU,,,,,
oztrail-lightweight-portable-hiking-tent-waterproof-easy-setup-for-outdoor-camping,Tent Waterproof Easy Setup,OZtrail,BCF,,,,,2026-08-19T16:46:32Z
oztrail-lightweight-portable-hiking-tent-waterproof-easy-setup-for-outdoor-camping,Tent Waterproof Easy Setup,OZtrail,Anaconda,,,,,2026-08-09T21:47:11Z
oztrail-lightweight-portable-hiking-tent-waterproof-easy-setup-for-outdoor-camping,Tent Waterproof Easy Setup,OZtrail,Snowys,,,,,2026-08-19T15:49:09Z
oztrail-lightweight-portable-hiking-tent-waterproof-easy-setup-for-outdoor-camping,Tent Waterproof Easy Setup,OZtrail,Tentworld,,,,,2026-08-19T19:19:25Z
oztrail-lightweight-portable-hiking-tent-waterproof-easy-setup-for-outdoor-camping,Tent Waterproof Easy Setup,OZtrail,Wild Earth,,,,,2026-08-19T21:01:17Z
oztrail-oztrail-universal-swag-awning-280gsm-canvas-car-caravan-camping-shade-fly-new-au,OZtrail Universal Swag Awning 280GSM Canvas Car Caravan Camping Shade Fly,OZtrail,eBay AU,,,,,
oztrail-oztrail-universal-swag-awning-280gsm-canvas-car-caravan-camping-shade-fly-new-au,OZtrail Universal Swag Awning 280GSM Canvas Car Caravan Camping Shade Fly,OZtrail,Amazon AU,,,,,
oztrail-oztrail-universal-swag-awning-280gsm-canvas-car-caravan-camping-shade-fly-new-au,OZtrail Universal Swag Awning 280GSM Canvas Car Caravan Camping Shade Fly,OZtrail,BCF,,,,,2026-08-19T16:46:32Z
oztrail-oztrail-universal-swag-awning-280gsm-canvas-car-caravan-camping-shade-fly-new-au,OZtrail Universal Swag Awning 280GSM Canvas Car Caravan Camping Shade Fly,OZtrail,Anaconda,,,,,2026-08-09T21:47:11Z
oztrail-oztrail-universal-swag-awning-280gsm-canvas-car-caravan-camping-shade-fly-new-au,OZtrail Universal Swag Awning 280GSM Canvas Car Caravan Camping Shade Fly,OZtrail,Snowys,,,,,2026-08-19T15:49:09Z
oztrail-oztrail-universal-swag-awning-280gsm-canvas-car-caravan-camping-shade-fly-new-au,OZtrail Universal Swag Awning 280GSM Canvas Car Caravan Camping Shade Fly,OZtrail,Tentworld,,,,,2026-08-19T19:19:25Z
oztrail-oztrail-universal-swag-awning-280gsm-canvas-car-caravan-camping-shade-fly-new-au,OZtrail Universal Swag Awning 280GSM Canvas Car Caravan Camping Shade Fly,OZtrail,Wild Earth,,,,,2026-08-19T21:01:17Z
aussiemagamart-instant-up-swagger-1-3-person-tent,"Instant up Swagger 1, 3 Person Tent",aussiemagamart,eBay AU,,,,,
aussiemagamart-instant-up-swagger-1-3-person-tent,"Instant up Swagger 1, 3 Person Tent",aussiemagamart,Amazon AU,,,,,
aussiemagamart-instant-up-swagger-1-3-person-tent,"Instant up Swagger 1, 3 Person Tent",aussiemagamart,BCF,,,,,2026-08-19T16:46:32Z
aussiemagamart-instant-up-swagger-1-3-person-tent,"Instant up Swagger 1, 3 Person Tent",aussiemagamart,Anaconda,,,,,2026-08-09T21:47:11Z
aussiemagamart-instant-up-swagger-1-3-person-tent,"Instant up Swagger 1, 3 Person Tent",aussiemagamart,Snowys,,,,,2026-08-19T15:49:09Z
aussiemagamart-instant-up-swagger-1-3-person-tent,"Instant up Swagger 1, 3 Person Tent",aussiemagamart,Tentworld,,,,,2026-08-19T19:19:25Z
aussiemagamart-instant-up-swagger-1-3-person-tent,"Instant up Swagger 1, 3 Person Tent",aussiemagamart,Wild Earth,,,,,2026-08-19T21:01:17Z
aussie-mart-instant-up-swagger-1-3-person-tent,"Instant up Swagger 1, 3 Person Tent",aussie mart,eBay AU,,,,,
aussie-mart-instant-up-swagger-1-3-person-tent,"Instant up Swagger 1, 3 Person Tent",aussie mart,Amazon AU,,,,,
aussie-mart-instant-up-swagger-1-3-person-tent,"Instant up Swagger 1, 3 Person Tent",aussie mart,BCF,,,,,2026-08-19T16:46:32Z
aussie-mart-instant-up-swagger-1-3-person-tent,"Instant up Swagger 1, 3 Person Tent",aussie mart,Anaconda,,,,,2026-08-09T21:47:11Z
aussie-mart-instant-up-swagger-1-3-person-tent,"Instant up Swagger 1, 3 Person Tent",aussie mart,Snowys,,,,,2026-08-19T15:49:09Z
aussie-mart-instant-up-swagger-1-3-person-tent,"Instant up Swagger 1, 3 Person Tent",aussie mart,Tentworld,,,,,2026-08-19T19:19:25Z
aussie-mart-instant-up-swagger-1-3-person-tent,"Instant up Swagger 1, 3 Person Tent",aussie mart,Wild Earth,,,,,2026-08-19T21:01:17Z
vango-vango-apex-compact-100-1-person-camping-hiking-tent-pamir-green-14,Vango Apex Compact 100 1 Person Tent - Pamir Green,Vango,eBay AU,,,,,
vango-vango-apex-compact-100-1-person-camping-hiking-tent-pamir-green-14,Vango Apex Compact 100 1 Person Tent - Pamir Green,Vango,Amazon AU,,,,,
vango-vango-apex-compact-100-1-person-camping-hiking-tent-pamir-green-14,Vango Apex Compact 100 1 Person Tent - Pamir Green,Vango,BCF,,,,,2026-08-19T16:46:32Z
vango-vango-apex-compact-100-1-person-camping-hiking-tent-pamir-green-14,Vango Apex Compact 100 1 Person Tent - Pamir Green,Vango,Anaconda,,,,,2026-08-09T21:47:11Z
vango-vango-apex-compact-100-1-person-camping-hiking-tent-pamir-green-14,Vango Apex Compact 100 1 Person Tent - Pamir Green,Vango,Snowys,,,,,2026-08-19T15:49:09Z
vango-vango-apex-compact-100-1-person-camping-hiking-tent-pamir-green-14,Vango Apex Compact 100 1 Person Tent - Pamir Green,Vango,Tentworld,,,,,2026-08-19T19:19:25Z
vango-vango-apex-compact-100-1-person-camping-hiking-tent-pamir-green-14,Vango Apex Compact 100 1 Person Tent - Pamir Green,Vango,Wild Earth,,,,,2026-08-19T21:01:17Z
coleman-coleman-2126162-silver-evo-series-4-person-instant-up-camping-tent-full-fly-4p-14,Coleman 2126162 Silver Evo Series 4 Person Instant Up Camping Tent Full Fly 4P,Coleman,eBay AU,,,,,
coleman-coleman-2126162-silver-evo-series-4-person-instant-up-camping-tent-full-fly-4p-14,Coleman 2126162 Silver Evo Series 4 Person Instant Up Camping Tent Full Fly 4P,Coleman,Amazon AU,,,,,
coleman-coleman-2126162-silver-evo-series-4-person-instant-up-camping-tent-full-fly-4p-14,Coleman 2126162 Silver Evo Series 4 Person Instant Up Camping Tent Full Fly 4P,Coleman,BCF,,,,,2026-08-19T16:46:32Z
coleman-coleman-2126162-silver-evo-series-4-person-instant-up-camping-tent-full-fly-4p-14,Coleman 2126162 Silver Evo Series 4 Person Instant Up Camping Tent Full Fly 4P,Coleman,Anaconda,,,,,2026-08-09T21:47:11Z
coleman-coleman-2126162-silver-evo-series-4-person-instant-up-camping-tent-full-fly-4p-14,Coleman 2126162 Silver Evo Series 4 Person Instant Up Camping Tent Full Fly 4P,Coleman,Snowys,,,,,2026-08-19T15:49:09Z
coleman-coleman-2126162-silver-evo-series-4-person-instant-up-camping-tent-full-fly-4p-14,Coleman 2126162 Silver Evo Series 4 Person Instant Up Camping Tent Full Fly 4P,Coleman,Tentworld,,,,,2026-08-19T19:19:25Z
coleman-coleman-2126162-silver-evo-series-4-person-instant-up-camping-tent-full-fly-4p-14,Coleman 2126162 Silver Evo Series 4 Person Instant Up Camping Tent Full Fly 4P,Coleman,Wild Earth,,,,,2026-08-19T21:01:17Z
oztrail-oztrail-tasman-3v-dome-tent-3-person-camping-tent-lightweight-waterproof,OZtrail Tasman 3V Dome Tent 3 Person Camping Tent Lightweight Waterproof,OZtrail,eBay AU,,,,,
oztrail-oztrail-tasman-3v-dome-tent-3-person-camping-tent-lightweight-waterproof,OZtrail Tasman 3V Dome Tent 3 Person Camping Tent Lightweight Waterproof,OZtrail,Amazon AU,,,,,
oztrail-oztrail-tasman-3v-dome-tent-3-person-camping-tent-lightweight-waterproof,OZtrail Tasman 3V Dome Tent 3 Person Camping Tent Lightweight Waterproof,OZtrail,BCF,,,,,2026-08-19T16:46:32Z
oztrail-oztrail-tasman-3v-dome-tent-3-person-camping-tent-lightweight-waterproof,OZtrail Tasman 3V Dome Tent 3 Person Camping Tent Lightweight Waterproof,OZtrail,Anaconda,,,,,2026-08-09T21:47:11Z
oztrail-oztrail-tasman-3v-dome-tent-3-person-camping-tent-lightweight-waterproof,OZtrail Tasman 3V Dome Tent 3 Person Camping Tent Lightweight Waterproof,OZtrail,Snowys,,,,,2026-08-19T15:49:09Z
oztrail-oztrail-tasman-3v-dome-tent-3-person-camping-tent-lightweight-waterproof,OZtrail Tasman 3V Dome Tent 3 Person Camping Tent Lightweight Waterproof,OZtrail,Tentworld,,,,,2026-08-19T19:19:25Z
oztrail-oztrail-tasman-3v-dome-tent-3-person-camping-tent-lightweight-waterproof,OZtrail Tasman 3V Dome Tent 3 Person Camping Tent Lightweight Waterproof,OZtrail,Wild Earth,,,,,2026-08-19T21:01:17Z
vango-vango-ostro-200-2-person-camping-hiking-tent-terracotta-vte-os200-k-5,Vango Ostro 200 2 Person Tent - Terracotta (VTE-OS200-K),Vango,eBay AU,,,,,
vango-vango-ostro-200-2-person-camping-hiking-tent-terracotta-vte-os200-k-5,Vango Ostro 200 2 Person Tent - Terracotta (VTE-OS200-K),Vango,Amazon AU,,,,,
vango-vango-ostro-200-2-person-camping-hiking-tent-terracotta-vte-os200-k-5,Vango Ostro 200 2 Person Tent - Terracotta (VTE-OS200-K),Vango,BCF,,,,,2026-08-19T16:46:32Z
vango-vango-ostro-200-2-person-camping-hiking-tent-terracotta-vte-os200-k-5,Vango Ostro 200 2 Person Tent - Terracotta (VTE-OS200-K),Vango,Anaconda,,,,,2026-08-09T21:47:11Z
vango-vango-ostro-200-2-person-camping-hiking-tent-terracotta-vte-os200-k-5,Vango Ostro 200 2 Person Tent - Terracotta (VTE-OS200-K),Vango,Snowys,,,,,2026-08-19T15:49:09Z
vango-vango-ostro-200-2-person-camping-hiking-tent-terracotta-vte-os200-k-5,Vango Ostro 200 2 Person Tent - Terracotta (VTE-OS200-K),Vango,Tentworld,,,,,2026-08-19T19:19:25Z
vango-vango-ostro-200-2-person-camping-hiking-tent-terracotta-vte-os200-k-5,Vango Ostro 200 2 Person Tent - Terracotta (VTE-OS200-K),Vango,Wild Earth,,,,,2026-08-19T21:01:17Z
vango-vango-tay-400-4-person-camping-hiking-tent-deep-blue-vte-tay400-v-7,Vango Tay 400 4 Person Tent - Deep Blue (VTE-TAY400-V),Vango,eBay AU,,,,,
vango-vango-tay-400-4-person-camping-hiking-tent-deep-blue-vte-tay400-v-7,Vango Tay 400 4 Person Tent - Deep Blue (VTE-TAY400-V),Vango,Amazon AU,,,,,
vango-vango-tay-400-4-person-camping-hiking-tent-deep-blue-vte-tay400-v-7,Vango Tay 400 4 Person Tent - Deep Blue (VTE-TAY400-V),Vango,BCF,,,,,2026-08-19T16:46:32Z
vango-vango-tay-400-4-person-camping-hiking-tent-deep-blue-vte-tay400-v-7,Vango Tay 400 4 Person Tent - Deep Blue (VTE-TAY400-V),Vango,Anaconda,,,,,2026-08-09T21:47:11Z
vango-vango-tay-400-4-person-camping-hiking-tent-deep-blue-vte-tay400-v-7,Vango Tay 400 4 Person Tent - Deep Blue (VTE-TAY400-V),Vango,Snowys,,,,,2026-08-19T15:49:09Z
vango-vango-tay-400-4-person-camping-hiking-tent-deep-blue-vte-tay400-v-7,Vango Tay 400 4 Person Tent - Deep Blue (VTE-TAY400-V),Vango,Tentworld,,,,,2026-08-19T19:19:25Z
vango-vango-tay-400-4-person-camping-hiking-tent-deep-blue-vte-tay400-v-7,Vango Tay 400 4 Person Tent - Deep Blue (VTE-TAY400-V),Vango,Wild Earth,,,,,2026-08-19T21:01:17Z
vango-vango-alpha-250-2-person-camping-hiking-tent-moroccan-blue-vte-al250-q-10,Vango Alpha 250 2 Person Tent - Moroccan Blue (VTE-AL250-Q),Vango,eBay AU,,,,,
vango-vango-alpha-250-2-person-camping-hiking-tent-moroccan-blue-vte-al250-q-10,Vango Alpha 250 2 Person Tent - Moroccan Blue (VTE-AL250-Q),Vango,Amazon AU,,,,,
vango-vango-alpha-250-2-person-camping-hiking-tent-moroccan-blue-vte-al250-q-10,Vango Alpha 250 2 Person Tent - Moroccan Blue (VTE-AL250-Q),Vango,BCF,,,,,2026-08-19T16:46:32Z
vango-vango-alpha-250-2-person-camping-hiking-tent-moroccan-blue-vte-al250-q-10,Vango Alpha 250 2 Person Tent - Moroccan Blue (VTE-AL250-Q),Vango,Anaconda,,,,,2026-08-09T21:47:11Z
vango-vango-alpha-250-2-person-camping-hiking-tent-moroccan-blue-vte-al250-q-10,Vango Alpha 250 2 Person Tent - Moroccan Blue (VTE-AL250-Q),Vango,Snowys,,,,,2026-08-19T15:49:09Z
vango-vango-alpha-250-2-person-camping-hiking-tent-moroccan-blue-vte-al250-q-10,Vango Alpha 250 2 Person Tent - Moroccan Blue (VTE-AL250-Q),Vango,Tentworld,,,,,2026-08-19T19:19:25Z
vango-vango-alpha-250-2-person-camping-hiking-tent-moroccan-blue-vte-al250-q-10,Vango Alpha 250 2 Person Tent - Moroccan Blue (VTE-AL250-Q),Vango,Wild Earth,,,,,2026-08-19T21:01:17Z
vango-vango-apex-compact-200-2-person-camping-hiking-tent-pamir-green-13,Vango Apex Compact 200 2 Person Tent - Pamir Green,Vango,eBay AU,,,,,
vango-vango-apex-compact-200-2-person-camping-hiking-tent-pamir-green-13,Vango Apex Compact 200 2 Person Tent - Pamir Green,Vango,Amazon AU,,,,,
vango-vango-apex-compact-200-2-person-camping-hiking-tent-pamir-green-13,Vango Apex Compact 200 2 Person Tent - Pamir Green,Vango,BCF,,,,,2026-08-19T16:46:32Z
vango-vango-apex-compact-200-2-person-camping-hiking-tent-pamir-green-13,Vango Apex Compact 200 2 Person Tent - Pamir Green,Vango,Anaconda,,,,,2026-08-09T21:47:11Z
vango-vango-apex-compact-200-2-person-camping-hiking-tent-pamir-green-13,Vango Apex Compact 200 2 Person Tent - Pamir Green,Vango,Snowys,,,,,2026-08-19T15:49:09Z
vango-vango-apex-compact-200-2-person-camping-hiking-tent-pamir-green-13,Vango Apex Compact 200 2 Person Tent - Pamir Green,Vango,Tentworld,,,,,2026-08-19T19:19:25Z
vango-vango-apex-compact-200-2-person-camping-hiking-tent-pamir-green-13,Vango Apex Compact 200 2 Person Tent - Pamir Green,Vango,Wild Earth,,,,,2026-08-19T21:01:17Z
coleman-instant-up-swagger-1-3-person-tent-28,"Instant up Swagger 1, 3 Person Tent",Coleman,eBay AU,,,,,
coleman-instant-up-swagger-1-3-person-tent-28,"Instant up Swagger 1, 3 Person Tent",Coleman,Amazon AU,,,,,
coleman-instant-up-swagger-1-3-person-tent-28,"Instant up Swagger 1, 3 Person Tent",Coleman,BCF,,,,,2026-08-19T16:46:32Z
coleman-instant-up-swagger-1-3-person-tent-28,"Instant up Swagger 1, 3 Person Tent",Coleman,Anaconda,,,,,2026-08-09T21:47:11Z
coleman-instant-up-swagger-1-3-person-tent-28,"Instant up Swagger 1, 3 Person Tent",Coleman,Snowys,,,,,2026-08-19T15:49:09Z
coleman-instant-up-swagger-1-3-person-tent-28,"Instant up Swagger 1, 3 Person Tent",Coleman,Tentworld,223.99,https://www.tentworld.com.au/buy-sale/coleman-3-person-swagger-instant-up-tent,,,2026-08-19T01:10:37Z
coleman-instant-up-swagger-1-3-person-tent-28,"Instant up Swagger 1, 3 Person Tent",Coleman,Wild Earth,,,,,2026-08-19T21:01:17Z
coleman-instant-up-swagger-1-3-person-tent-29,"Instant up Swagger 1, 3 Person Tent",Coleman,eBay AU,,,,,
coleman-instant-up-swagger-1-3-person-tent-29,"Instant up Swagger 1, 3 Person Tent",Coleman,Amazon AU,,,,,
coleman-instant-up-swagger-1-3-person-tent-29,"Instant up Swagger 1, 3 Person Tent",Coleman,BCF,,,,,2026-08-19T16:46:32Z
coleman-instant-up-swagger-1-3-person-tent-29,"Instant up Swagger 1, 3 Person Tent",Coleman,Anaconda,,,,,2026-08-09T21:47:11Z
coleman-instant-up-swagger-1-3-person-tent-29,"Instant up Swagger 1, 3 Person Tent",Coleman,Snowys,,,,,2026-08-19T15:49:09Z
coleman-instant-up-swagger-1-3-person-tent-29,"Instant up Swagger 1, 3 Person Tent",Coleman,Tentworld,223.99,https://www.tentworld.com.au/buy-sale/coleman-3-person-swagger-instant-up-tent,,,2026-08-19T01:10:37Z
coleman-instant-up-swagger-1-3-person-tent-29,"Instant up Swagger 1, 3 Person Tent",Coleman,Wild Earth,,,,,2026-08-19T21:01:17Z
oztrail-oztrail-bungee-balls-10-pack-tarp-canvas-awning-tent-shelter-camping-tent-canopy-5,OZtrail Bungee Balls 10 Pack Tarp Canvas Awning Tent Shelter Camping Tent Canopy,OZtrail,eBay AU,,,,,
oztrail-oztrail-bungee-balls-10-pack-tarp-canvas-awning-tent-shelter-camping-tent-canopy-5,OZtrail Bungee Balls 10 Pack Tarp Canvas Awning Tent Shelter Camping Tent Canopy,OZtrail,Amazon AU,,,,,
oztrail-oztrail-bungee-balls-10-pack-tarp-canvas-awning-tent-shelter-camping-tent-canopy-5,OZtrail Bungee Balls 10 Pack Tarp Canvas Awning Tent Shelter Camping Tent Canopy,OZtrail,BCF,,,,,2026-08-19T16:46:32Z
oztrail-oztrail-bungee-balls-10-pack-tarp-canvas-awning-tent-shelter-camping-tent-canopy-5,OZtrail Bungee Balls 10 Pack Tarp Canvas Awning Tent Shelter Camping Tent Canopy,OZtrail,Anaconda,,,,,2026-08-09T21:47:11Z
oztrail-oztrail-bungee-balls-10-pack-tarp-canvas-awning-tent-shelter-camping-tent-canopy-5,OZtrail Bungee Balls 10 Pack Tarp Canvas Awning Tent Shelter Camping Tent Canopy,OZtrail,Snowys,,,,,2026-08-19T15:49:09Z
oztrail-oztrail-bungee-balls-10-pack-tarp-canvas-awning-tent-shelter-camping-tent-canopy-5,OZtrail Bungee Balls 10 Pack Tarp Canvas Awning Tent Shelter Camping Tent Canopy,OZtrail,Tentworld,,,,,2026-08-19T19:19:25Z
oztrail-oztrail-bungee-balls-10-pack-tarp-canvas-awning-tent-shelter-camping-tent-canopy-5,OZtrail Bungee Balls 10 Pack Tarp Canvas Awning Tent Shelter Camping Tent Canopy,OZtrail,Wild Earth,,,,,2026-08-19T21:01:17Z
coleman-instant-up-swagger-1-3-person-tent-30,"Instant up Swagger 1, 3 Person Tent",Coleman,eBay AU,,,,,
coleman-instant-up-swagger-1-3-person-tent-30,"Instant up Swagger 1, 3 Person Tent",Coleman,Amazon AU,,,,,
coleman-instant-up-swagger-1-3-person-tent-30,"Instant up Swagger 1, 3 Person Tent",Coleman,BCF,,,,,2026-08-19T16:46:32Z
coleman-instant-up-swagger-1-3-person-tent-30,"Instant up Swagger 1, 3 Person Tent",Coleman,Anaconda,,,,,2026-08-09T21:47:11Z
coleman-instant-up-swagger-1-3-person-tent-30,"Instant up Swagger 1, 3 Person Tent",Coleman,Snowys,,,,,2026-08-19T15:49:09Z
coleman-instant-up-swagger-1-3-person-tent-30,"Instant up Swagger 1, 3 Person Tent",Coleman,Tentworld,,,,,2026-08-19T19:19:25Z
coleman-instant-up-swagger-1-3-person-tent-30,"Instant up Swagger 1, 3 Person Tent",Coleman,Wild Earth,,,,,2026-08-19T21:01:17Z
aussiemagamart-camping-tent-instant-up-silver-series-weathertec-system-for-waterproof-and-win-12,"Camping Tent, Instant up Silver Series, Weathertec System for Waterproof and Win",aussiemagamart,eBay AU,,,,,
aussiemagamart-camping-tent-instant-up-silver-series-weathertec-system-for-waterproof-and-win-12,"Camping Tent, Instant up Silver Series, Weathertec System for Waterproof and Win",aussiemagamart,Amazon AU,,,,,
aussiemagamart-camping-tent-instant-up-silver-series-weathertec-system-for-waterproof-and-win-12,"Camping Tent, Instant up Silver Series, Weathertec System for Waterproof and Win",aussiemagamart,BCF,,,,,2026-08-19T16:46:32Z
aussiemagamart-camping-tent-instant-up-silver-series-weathertec-system-for-waterproof-and-win-12,"Camping Tent, Instant up Silver Series, Weathertec System for Waterproof and Win",aussiemagamart,Anaconda,,,,,2026-08-09T21:47:11Z
aussiemagamart-camping-tent-instant-up-silver-series-weathertec-system-for-waterproof-and-win-12,"Camping Tent, Instant up Silver Series, Weathertec System for Waterproof and Win",aussiemagamart,Snowys,,,,,2026-08-19T15:49:09Z
aussiemagamart-camping-tent-instant-up-silver-series-weathertec-system-for-waterproof-and-win-12,"Camping Tent, Instant up Silver Series, Weathertec System for Waterproof and Win",aussiemagamart,Tentworld,,,,,2026-08-19T19:19:25Z
aussiemagamart-camping-tent-instant-up-silver-series-weathertec-system-for-waterproof-and-win-12,"Camping Tent, Instant up Silver Series, Weathertec System for Waterproof and Win",aussiemagamart,Wild Earth,,,,,2026-08-19T21:01:17Z
coleman-instant-up-swagger-1-3-person-tent-31,"Instant up Swagger 1, 3 Person Tent",Coleman,eBay AU,,,,,
coleman-instant-up-swagger-1-3-person-tent-31,"Instant up Swagger 1, 3 Person Tent",Coleman,Amazon AU,,,,,
coleman-instant-up-swagger-1-3-person-tent-31,"Instant up Swagger 1, 3 Person Tent",Coleman,BCF,,,,,2026-08-19T16:46:32Z
coleman-instant-up-swagger-1-3-person-tent-31,"Instant up Swagger 1, 3 Person Tent",Coleman,Anaconda,,,,,2026-08-09T21:47:11Z
coleman-instant-up-swagger-1-3-person-tent-31,"Instant up Swagger 1, 3 Person Tent",Coleman,Snowys,,,,,2026-08-19T15:49:09Z
coleman-instant-up-swagger-1-3-person-tent-31,"Instant up Swagger 1, 3 Person Tent",Coleman,Tentworld,,,,,2026-08-19T19:19:25Z
coleman-instant-up-swagger-1-3-person-tent-31,"Instant up Swagger 1, 3 Person Tent",Coleman,Wild Earth,,,,,2026-08-19T21:01:17Z
coleman-1-3-person-instant-up-camping-tent-waterproof-windproof-backpacking-shelter,1-3 Person Instant Up Camping Tent Waterproof Windproof Backpacking Shelter,Coleman,eBay AU,,,,,
coleman-1-3-person-instant-up-camping-tent-waterproof-windproof-backpacking-shelter,1-3 Person Instant Up Camping Tent Waterproof Windproof Backpacking Shelter,Coleman,Amazon AU,,,,,
coleman-1-3-person-instant-up-camping-tent-waterproof-windproof-backpacking-shelter,1-3 Person Instant Up Camping Tent Waterproof Windproof Backpacking Shelter,Coleman,BCF,,,,,2026-08-19T16:46:32Z
coleman-1-3-person-instant-up-camping-tent-waterproof-windproof-backpacking-shelter,1-3 Person Instant Up Camping Tent Waterproof Windproof Backpacking Shelter,Coleman,Anaconda,,,,,2026-08-09T21:47:11Z
coleman-1-3-person-instant-up-camping-tent-waterproof-windproof-backpacking-shelter,1-3 Person Instant Up Camping Tent Waterproof Windproof Backpacking Shelter,Coleman,Snowys,,,,,2026-08-19T15:49:09Z
coleman-1-3-person-instant-up-camping-tent-waterproof-windproof-backpacking-shelter,1-3 Person Instant Up Camping Tent Waterproof Windproof Backpacking Shelter,Coleman,Tentworld,,,,,2026-08-19T19:19:25Z
coleman-1-3-person-instant-up-camping-tent-waterproof-windproof-backpacking-shelter,1-3 Person Instant Up Camping Tent Waterproof Windproof Backpacking Shelter,Coleman,Wild Earth,,,,,2026-08-19T21:01:17Z
coleman-coleman-2126162-silver-evo-series-4-person-instant-up-camping-tent-full-fly-4p-4,Coleman 2126162 Silver Evo Series 4 Person Instant Up Camping Tent Full Fly 4P,Coleman,eBay AU,,,,,
coleman-coleman-2126162-silver-evo-series-4-person-instant-up-camping-tent-full-fly-4p-4,Coleman 2126162 Silver Evo Series 4 Person Instant Up Camping Tent Full Fly 4P,Coleman,Amazon AU,,,,,
coleman-coleman-2126162-silver-evo-series-4-person-instant-up-camping-tent-full-fly-4p-4,Coleman 2126162 Silver Evo Series 4 Person Instant Up Camping Tent Full Fly 4P,Coleman,BCF,,,,,2026-08-19T16:46:32Z
coleman-coleman-2126162-silver-evo-series-4-person-instant-up-camping-tent-full-fly-4p-4,Coleman 2126162 Silver Evo Series 4 Person Instant Up Camping Tent Full Fly 4P,Coleman,Anaconda,,,,,2026-08-09T21:47:11Z
coleman-coleman-2126162-silver-evo-series-4-person-instant-up-camping-tent-full-fly-4p-4,Coleman 2126162 Silver Evo Series 4 Person Instant Up Camping Tent Full Fly 4P,Coleman,Snowys,,,,,2026-08-19T15:49:09Z
coleman-coleman-2126162-silver-evo-series-4-person-instant-up-camping-tent-full-fly-4p-4,Coleman 2126162 Silver Evo Series 4 Person Instant Up Camping Tent Full Fly 4P,Coleman,Tentworld,,,,,2026-08-19T19:19:25Z
coleman-coleman-2126162-silver-evo-series-4-person-instant-up-camping-tent-full-fly-4p-4,Coleman 2126162 Silver Evo Series 4 Person Instant Up Camping Tent Full Fly 4P,Coleman,Wild Earth,,,,,2026-08-19T21:01:17Z
coleman-instant-up-camping-tent-1-3-person-waterproof-windproof-backpacking-hiking,Instant Up Camping Tent 1-3 Person Waterproof Windproof Backpacking,Coleman,eBay AU,,,,,
coleman-instant-up-camping-tent-1-3-person-waterproof-windproof-backpacking-hiking,Instant Up Camping Tent 1-3 Person Waterproof Windproof Backpacking,Coleman,Amazon AU,,,,,
coleman-instant-up-camping-tent-1-3-person-waterproof-windproof-backpacking-hiking,Instant Up Camping Tent 1-3 Person Waterproof Windproof Backpacking,Coleman,BCF,,,,,2026-08-19T16:46:32Z
coleman-instant-up-camping-tent-1-3-person-waterproof-windproof-backpacking-hiking,Instant Up Camping Tent 1-3 Person Waterproof Windproof Backpacking,Coleman,Anaconda,,,,,2026-08-09T21:47:11Z
coleman-instant-up-camping-tent-1-3-person-waterproof-windproof-backpacking-hiking,Instant Up Camping Tent 1-3 Person Waterproof Windproof Backpacking,Coleman,Snowys,,,,,2026-08-19T15:49:09Z
coleman-instant-up-camping-tent-1-3-person-waterproof-windproof-backpacking-hiking,Instant Up Camping Tent 1-3 Person Waterproof Windproof Backpacking,Coleman,Tentworld,,,,,2026-08-19T19:19:25Z
coleman-instant-up-camping-tent-1-3-person-waterproof-windproof-backpacking-hiking,Instant Up Camping Tent 1-3 Person Waterproof Windproof Backpacking,Coleman,Wild Earth,,,,,2026-08-19T21:01:17Z
coleman-instant-up-swagger-1-3-person-tent-32,"Instant up Swagger 1, 3 Person Tent",Coleman,eBay AU,,,,,
coleman-instant-up-swagger-1-3-person-tent-32,"Instant up Swagger 1, 3 Person Tent",Coleman,Amazon AU,,,,,
coleman-instant-up-swagger-1-3-person-tent-32,"Instant up Swagger 1, 3 Person Tent",Coleman,BCF,,,,,2026-08-19T16:46:32Z
coleman-instant-up-swagger-1-3-person-tent-32,"Instant up Swagger 1, 3 Person Tent",Coleman,Anaconda,,,,,2026-08-09T21:47:11Z
coleman-instant-up-swagger-1-3-person-tent-32,"Instant up Swagger 1, 3 Person Tent",Coleman,Snowys,,,,,2026-08-19T15:49:09Z
coleman-instant-up-swagger-1-3-person-tent-32,"Instant up Swagger 1, 3 Person Tent",Coleman,Tentworld,223.99,https://www.tentworld.com.au/buy-sale/coleman-3-person-swagger-instant-up-tent,,,2026-08-18T22:57:35Z
coleman-instant-up-swagger-1-3-person-tent-32,"Instant up Swagger 1, 3 Person Tent",Coleman,Wild Earth,,,,,2026-08-19T21:01:17Z
next-wave-instant-up-swagger-1-3-person-tent,"Instant up Swagger 1, 3 Person Tent",next wave,eBay AU,,,,,
next-wave-instant-up-swagger-1-3-person-tent,"Instant up Swagger 1, 3 Person Tent",next wave,Amazon AU,,,,,
next-wave-instant-up-swagger-1-3-person-tent,"Instant up Swagger 1, 3 Person Tent",next wave,BCF,,,,,2026-08-19T16:46:32Z
next-wave-instant-up-swagger-1-3-person-tent,"Instant up Swagger 1, 3 Person Tent",next wave,Anaconda,,,,,2026-08-09T21:47:11Z
next-wave-instant-up-swagger-1-3-person-tent,"Instant up Swagger 1, 3 Person Tent",next wave,Snowys,,,,,2026-08-19T15:49:09Z
next-wave-instant-up-swagger-1-3-person-tent,"Instant up Swagger 1, 3 Person Tent",next wave,Tentworld,,,,,2026-08-19T19:19:25Z
next-wave-instant-up-swagger-1-3-person-tent,"Instant up Swagger 1, 3 Person Tent",next wave,Wild Earth,,,,,2026-08-19T21:01:17Z
aussiesmegamart-instant-up-swagger-1-3-person-tent,"Instant up Swagger 1, 3 Person Tent",aussiesmegamart,eBay AU,,,,,
aussiesmegamart-instant-up-swagger-1-3-person-tent,"Instant up Swagger 1, 3 Person Tent",aussiesmegamart,Amazon AU,,,,,
aussiesmegamart-instant-up-swagger-1-3-person-tent,"Instant up Swagger 1, 3 Person Tent",aussiesmegamart,BCF,,,,,2026-08-19T16:46:32Z
aussiesmegamart-instant-up-swagger-1-3-person-tent,"Instant up Swagger 1, 3 Person Tent",aussiesmegamart,Anaconda,,,,,2026-08-10T21:57:31Z
aussiesmegamart-instant-up-swagger-1-3-person-tent,"Instant up Swagger 1, 3 Person Tent",aussiesmegamart,Snowys,,,,,2026-08-19T15:49:09Z
aussiesmegamart-instant-up-swagger-1-3-person-tent,"Instant up Swagger 1, 3 Person Tent",aussiesmegamart,Tentworld,,,,,2026-08-19T19:19:25Z
aussiesmegamart-instant-up-swagger-1-3-person-tent,"Instant up Swagger 1, 3 Person Tent",aussiesmegamart,Wild Earth,,,,,2026-08-19T21:01:17Z
next-wave-instant-up-swagger-1-3-person-tent-2,"Instant up Swagger 1, 3 Person Tent",next wave,eBay AU,,,,,
next-wave-instant-up-swagger-1-3-person-tent-2,"Instant up Swagger 1, 3 Person Tent",next wave,Amazon AU,,,,,
next-wave-instant-up-swagger-1-3-person-tent-2,"Instant up Swagger 1, 3 Person Tent",next wave,BCF,,,,,2026-08-19T16:46:32Z
next-wave-instant-up-swagger-1-3-person-tent-2,"Instant up Swagger 1, 3 Person Tent",next wave,Anaconda,,,,,2026-08-10T21:57:31Z
next-wave-instant-up-swagger-1-3-person-tent-2,"Instant up Swagger 1, 3 Person Tent",next wave,Snowys,,,,,2026-08-19T15:49:09Z
next-wave-instant-up-swagger-1-3-person-tent-2,"Instant up Swagger 1, 3 Person Tent",next wave,Tentworld,,,,,2026-08-19T19:19:25Z
next-wave-instant-up-swagger-1-3-person-tent-2,"Instant up Swagger 1, 3 Person Tent",next wave,Wild Earth,,,,,2026-08-19T21:01:17Z
coleman-instant-up-swagger-1-3-person-tent-33,"Instant up Swagger 1, 3 Person Tent",Coleman,eBay AU,,,,,
coleman-instant-up-swagger-1-3-person-tent-33,"Instant up Swagger 1, 3 Person Tent",Coleman,Amazon AU,,,,,
coleman-instant-up-swagger-1-3-person-tent-33,"Instant up Swagger 1, 3 Person Tent",Coleman,BCF,,,,,2026-08-19T16:46:32Z
coleman-instant-up-swagger-1-3-person-tent-33,"Instant up Swagger 1, 3 Person Tent",Coleman,Anaconda,,,,,2026-08-10T21:57:31Z
coleman-instant-up-swagger-1-3-person-tent-33,"Instant up Swagger 1, 3 Person Tent",Coleman,Snowys,,,,,2026-08-19T15:49:09Z
coleman-instant-up-swagger-1-3-person-tent-33,"Instant up Swagger 1, 3 Person Tent",Coleman,Tentworld,223.99,https://www.tentworld.com.au/buy-sale/coleman-3-person-swagger-instant-up-tent,,,2026-08-18T22:57:35Z
coleman-instant-up-swagger-1-3-person-tent-33,"Instant up Swagger 1, 3 Person Tent",Coleman,Wild Earth,,,,,2026-08-19T21:01:17Z
coleman-instant-up-tent-waterproof-windproof-camping-dual-spine-hub-back-packing,Instant Up Tent Waterproof Windproof Camping Dual Spine Hub Back Packing,Coleman,eBay AU,,,,,
coleman-instant-up-tent-waterproof-windproof-camping-dual-spine-hub-back-packing,Instant Up Tent Waterproof Windproof Camping Dual Spine Hub Back Packing,Coleman,Amazon AU,,,,,
coleman-instant-up-tent-waterproof-windproof-camping-dual-spine-hub-back-packing,Instant Up Tent Waterproof Windproof Camping Dual Spine Hub Back Packing,Coleman,BCF,,,,,2026-08-19T16:46:32Z
coleman-instant-up-tent-waterproof-windproof-camping-dual-spine-hub-back-packing,Instant Up Tent Waterproof Windproof Camping Dual Spine Hub Back Packing,Coleman,Anaconda,,,,,2026-08-10T21:57:31Z
coleman-instant-up-tent-waterproof-windproof-camping-dual-spine-hub-back-packing,Instant Up Tent Waterproof Windproof Camping Dual Spine Hub Back Packing,Coleman,Snowys,,,,,2026-08-19T15:49:09Z
coleman-instant-up-tent-waterproof-windproof-camping-dual-spine-hub-back-packing,Instant Up Tent Waterproof Windproof Camping Dual Spine Hub Back Packing,Coleman,Tentworld,,,,,2026-08-19T19:19:25Z
coleman-instant-up-tent-waterproof-windproof-camping-dual-spine-hub-back-packing,Instant Up Tent Waterproof Windproof Camping Dual Spine Hub Back Packing,Coleman,Wild Earth,,,,,2026-08-19T21:01:17Z
big-agnes-big-agnes-mtnglo-tent-camp-string-lights-alpenglow-zirkel-alpenglow,Big Agnes Mtnglo Tent & Camp String Lights - Alpenglow/Zirkel Alpenglow,Big Agnes,eBay AU,,,,,
big-agnes-big-agnes-mtnglo-tent-camp-string-lights-alpenglow-zirkel-alpenglow,Big Agnes Mtnglo Tent & Camp String Lights - Alpenglow/Zirkel Alpenglow,Big Agnes,Amazon AU,,,,,
big-agnes-big-agnes-mtnglo-tent-camp-string-lights-alpenglow-zirkel-alpenglow,Big Agnes Mtnglo Tent & Camp String Lights - Alpenglow/Zirkel Alpenglow,Big Agnes,BCF,,,,,2026-08-19T16:46:32Z
big-agnes-big-agnes-mtnglo-tent-camp-string-lights-alpenglow-zirkel-alpenglow,Big Agnes Mtnglo Tent & Camp String Lights - Alpenglow/Zirkel Alpenglow,Big Agnes,Anaconda,,,,,2026-08-10T21:57:31Z
big-agnes-big-agnes-mtnglo-tent-camp-string-lights-alpenglow-zirkel-alpenglow,Big Agnes Mtnglo Tent & Camp String Lights - Alpenglow/Zirkel Alpenglow,Big Agnes,Snowys,,,,,2026-08-19T15:49:09Z
big-agnes-big-agnes-mtnglo-tent-camp-string-lights-alpenglow-zirkel-alpenglow,Big Agnes Mtnglo Tent & Camp String Lights - Alpenglow/Zirkel Alpenglow,Big Agnes,Tentworld,,,,,2026-08-19T19:19:25Z
big-agnes-big-agnes-mtnglo-tent-camp-string-lights-alpenglow-zirkel-alpenglow,Big Agnes Mtnglo Tent & Camp String Lights - Alpenglow/Zirkel Alpenglow,Big Agnes,Wild Earth,,,,,2026-08-19T21:01:17Z
coleman-coleman-northstar-instant-up-8p-lighted-darkroom-camping-tent-new-7,Coleman Northstar Instant Up 8P Lighted Darkroom Camping Tent,Coleman,eBay AU,,,,,
coleman-coleman-northstar-instant-up-8p-lighted-darkroom-camping-tent-new-7,Coleman Northstar Instant Up 8P Lighted Darkroom Camping Tent,Coleman,Amazon AU,,,,,
coleman-coleman-northstar-instant-up-8p-lighted-darkroom-camping-tent-new-7,Coleman Northstar Instant Up 8P Lighted Darkroom Camping Tent,Coleman,BCF,,,,,2026-08-19T16:46:32Z
coleman-coleman-northstar-instant-up-8p-lighted-darkroom-camping-tent-new-7,Coleman Northstar Instant Up 8P Lighted Darkroom Camping Tent,Coleman,Anaconda,,,,,2026-08-10T21:57:31Z
coleman-coleman-northstar-instant-up-8p-lighted-darkroom-camping-tent-new-7,Coleman Northstar Instant Up 8P Lighted Darkroom Camping Tent,Coleman,Snowys,,,,,2026-08-19T15:49:09Z
coleman-coleman-northstar-instant-up-8p-lighted-darkroom-camping-tent-new-7,Coleman Northstar Instant Up 8P Lighted Darkroom Camping Tent,Coleman,Tentworld,,,,,2026-08-19T19:19:25Z
coleman-coleman-northstar-instant-up-8p-lighted-darkroom-camping-tent-new-7,Coleman Northstar Instant Up 8P Lighted Darkroom Camping Tent,Coleman,Wild Earth,,,,,2026-08-19T21:01:17Z
vango-vango-sigma-300-3-person-camping-hiking-tent-moroccan-blue-vte-sig300-q-20,Vango Sigma 300 3 Person Tent - Moroccan Blue (VTE-SIG300-Q),Vango,eBay AU,,,,,
vango-vango-sigma-300-3-person-camping-hiking-tent-moroccan-blue-vte-sig300-q-20,Vango Sigma 300 3 Person Tent - Moroccan Blue (VTE-SIG300-Q),Vango,Amazon AU,,,,,
vango-vango-sigma-300-3-person-camping-hiking-tent-moroccan-blue-vte-sig300-q-20,Vango Sigma 300 3 Person Tent - Moroccan Blue (VTE-SIG300-Q),Vango,BCF,,,,,2026-08-19T16:46:32Z
vango-vango-sigma-300-3-person-camping-hiking-tent-moroccan-blue-vte-sig300-q-20,Vango Sigma 300 3 Person Tent - Moroccan Blue (VTE-SIG300-Q),Vango,Anaconda,,,,,2026-08-10T21:57:31Z
vango-vango-sigma-300-3-person-camping-hiking-tent-moroccan-blue-vte-sig300-q-20,Vango Sigma 300 3 Person Tent - Moroccan Blue (VTE-SIG300-Q),Vango,Snowys,,,,,2026-08-19T15:49:09Z
vango-vango-sigma-300-3-person-camping-hiking-tent-moroccan-blue-vte-sig300-q-20,Vango Sigma 300 3 Person Tent - Moroccan Blue (VTE-SIG300-Q),Vango,Tentworld,,,,,2026-08-19T19:19:25Z
vango-vango-sigma-300-3-person-camping-hiking-tent-moroccan-blue-vte-sig300-q-20,Vango Sigma 300 3 Person Tent - Moroccan Blue (VTE-SIG300-Q),Vango,Wild Earth,,,,,2026-08-19T21:01:17Z
vango-vango-scafell-300-3-person-camping-hiking-tent-pamir-vte-sc300p-v-5,Vango Scafell 300+ 3 Person Tent - Pamir (VTE-SC300P-V),Vango,eBay AU,,,,,
vango-vango-scafell-300-3-person-camping-hiking-tent-pamir-vte-sc300p-v-5,Vango Scafell 300+ 3 Person Tent - Pamir (VTE-SC300P-V),Vango,Amazon AU,,,,,
vango-vango-scafell-300-3-person-camping-hiking-tent-pamir-vte-sc300p-v-5,Vango Scafell 300+ 3 Person Tent - Pamir (VTE-SC300P-V),Vango,BCF,,,,,2026-08-19T16:46:32Z
vango-vango-scafell-300-3-person-camping-hiking-tent-pamir-vte-sc300p-v-5,Vango Scafell 300+ 3 Person Tent - Pamir (VTE-SC300P-V),Vango,Anaconda,,,,,2026-08-10T21:57:31Z
vango-vango-scafell-300-3-person-camping-hiking-tent-pamir-vte-sc300p-v-5,Vango Scafell 300+ 3 Person Tent - Pamir (VTE-SC300P-V),Vango,Snowys,,,,,2026-08-19T15:49:09Z
vango-vango-scafell-300-3-person-camping-hiking-tent-pamir-vte-sc300p-v-5,Vango Scafell 300+ 3 Person Tent - Pamir (VTE-SC300P-V),Vango,Tentworld,,,,,2026-08-19T19:19:25Z
vango-vango-scafell-300-3-person-camping-hiking-tent-pamir-vte-sc300p-v-5,Vango Scafell 300+ 3 Person Tent - Pamir (VTE-SC300P-V),Vango,Wild Earth,,,,,2026-08-19T21:01:17Z
coleman-coleman-sundome-2-person-camping-tent-spruce-green-weathertec-dome-tent-new,Coleman Sundome 2 Person Camping Tent Spruce Green WeatherTec Dome Tent,Coleman,eBay AU,,,,,
coleman-coleman-sundome-2-person-camping-tent-spruce-green-weathertec-dome-tent-new,Coleman Sundome 2 Person Camping Tent Spruce Green WeatherTec Dome Tent,Coleman,Amazon AU,,,,,
coleman-coleman-sundome-2-person-camping-tent-spruce-green-weathertec-dome-tent-new,Coleman Sundome 2 Person Camping Tent Spruce Green WeatherTec Dome Tent,Coleman,BCF,,,,,2026-08-19T16:46:32Z
coleman-coleman-sundome-2-person-camping-tent-spruce-green-weathertec-dome-tent-new,Coleman Sundome 2 Person Camping Tent Spruce Green WeatherTec Dome Tent,Coleman,Anaconda,,,,,2026-08-10T21:57:31Z
coleman-coleman-sundome-2-person-camping-tent-spruce-green-weathertec-dome-tent-new,Coleman Sundome 2 Person Camping Tent Spruce Green WeatherTec Dome Tent,Coleman,Snowys,,,,,2026-08-19T15:49:09Z
coleman-coleman-sundome-2-person-camping-tent-spruce-green-weathertec-dome-tent-new,Coleman Sundome 2 Person Camping Tent Spruce Green WeatherTec Dome Tent,Coleman,Tentworld,,,,,2026-08-19T19:19:25Z
coleman-coleman-sundome-2-person-camping-tent-spruce-green-weathertec-dome-tent-new,Coleman Sundome 2 Person Camping Tent Spruce Green WeatherTec Dome Tent,Coleman,Wild Earth,,,,,2026-08-19T21:01:17Z
coleman-coleman-sundome-3-person-camping-tent-spruce-green-weathertec-dome-tent-new-8,Coleman Sundome 3 Person Camping Tent Spruce Green WeatherTec Dome Tent,Coleman,eBay AU,,,,,
coleman-coleman-sundome-3-person-camping-tent-spruce-green-weathertec-dome-tent-new-8,Coleman Sundome 3 Person Camping Tent Spruce Green WeatherTec Dome Tent,Coleman,Amazon AU,,,,,
coleman-coleman-sundome-3-person-camping-tent-spruce-green-weathertec-dome-tent-new-8,Coleman Sundome 3 Person Camping Tent Spruce Green WeatherTec Dome Tent,Coleman,BCF,,,,,2026-08-19T16:46:32Z
coleman-coleman-sundome-3-person-camping-tent-spruce-green-weathertec-dome-tent-new-8,Coleman Sundome 3 Person Camping Tent Spruce Green WeatherTec Dome Tent,Coleman,Anaconda,,,,,2026-08-10T21:57:31Z
coleman-coleman-sundome-3-person-camping-tent-spruce-green-weathertec-dome-tent-new-8,Coleman Sundome 3 Person Camping Tent Spruce Green WeatherTec Dome Tent,Coleman,Snowys,,,,,2026-08-19T15:49:09Z
coleman-coleman-sundome-3-person-camping-tent-spruce-green-weathertec-dome-tent-new-8,Coleman Sundome 3 Person Camping Tent Spruce Green WeatherTec Dome Tent,Coleman,Tentworld,,,,,2026-08-19T19:19:25Z
coleman-coleman-sundome-3-person-camping-tent-spruce-green-weathertec-dome-tent-new-8,Coleman Sundome 3 Person Camping Tent Spruce Green WeatherTec Dome Tent,Coleman,Wild Earth,,,,,2026-08-19T21:01:17Z
black-wolf-black-wolf-cicada-2-tent-flame,Black Wolf Cicada 2 Tent - Flame,Black Wolf,eBay AU,,,,,
black-wolf-black-wolf-cicada-2-tent-flame,Black Wolf Cicada 2 Tent - Flame,Black Wolf,Amazon AU,,,,,
black-wolf-black-wolf-cicada-2-tent-flame,Black Wolf Cicada 2 Tent - Flame,Black Wolf,BCF,,,,,2026-08-19T16:46:32Z
black-wolf-black-wolf-cicada-2-tent-flame,Black Wolf Cicada 2 Tent - Flame,Black Wolf,Anaconda,,,,,2026-08-10T21:57:31Z
black-wolf-black-wolf-cicada-2-tent-flame,Black Wolf Cicada 2 Tent - Flame,Black Wolf,Snowys,,,,,2026-08-19T15:49:09Z
black-wolf-black-wolf-cicada-2-tent-flame,Black Wolf Cicada 2 Tent - Flame,Black Wolf,Tentworld,,,,,2026-08-19T19:19:25Z
black-wolf-black-wolf-cicada-2-tent-flame,Black Wolf Cicada 2 Tent - Flame,Black Wolf,Wild Earth,,,,,2026-08-19T21:01:17Z
vango-vango-beta-350xl-3-person-camping-hiking-tent-moroccan-blue-vte-bet350xl-q-12,Vango Beta 350XL 3 Person Tent - Moroccan Blue (VTE-BET350XL-Q),Vango,eBay AU,,,,,
vango-vango-beta-350xl-3-person-camping-hiking-tent-moroccan-blue-vte-bet350xl-q-12,Vango Beta 350XL 3 Person Tent - Moroccan Blue (VTE-BET350XL-Q),Vango,Amazon AU,,,,,
vango-vango-beta-350xl-3-person-camping-hiking-tent-moroccan-blue-vte-bet350xl-q-12,Vango Beta 350XL 3 Person Tent - Moroccan Blue (VTE-BET350XL-Q),Vango,BCF,,,,,2026-08-19T16:46:32Z
vango-vango-beta-350xl-3-person-camping-hiking-tent-moroccan-blue-vte-bet350xl-q-12,Vango Beta 350XL 3 Person Tent - Moroccan Blue (VTE-BET350XL-Q),Vango,Anaconda,,,,,2026-08-10T21:57:31Z
vango-vango-beta-350xl-3-person-camping-hiking-tent-moroccan-blue-vte-bet350xl-q-12,Vango Beta 350XL 3 Person Tent - Moroccan Blue (VTE-BET350XL-Q),Vango,Snowys,,,,,2026-08-19T15:49:09Z
vango-vango-beta-350xl-3-person-camping-hiking-tent-moroccan-blue-vte-bet350xl-q-12,Vango Beta 350XL 3 Person Tent - Moroccan Blue (VTE-BET350XL-Q),Vango,Tentworld,,,,,2026-08-19T19:19:25Z
vango-vango-beta-350xl-3-person-camping-hiking-tent-moroccan-blue-vte-bet350xl-q-12,Vango Beta 350XL 3 Person Tent - Moroccan Blue (VTE-BET350XL-Q),Vango,Wild Earth,,,,,2026-08-19T21:01:17Z
coleman-coleman-hiking-camping-travelling-sleeping-tent-canopies-for-2-persons-10,Coleman Hiking Camping Travelling Sleeping Tent Canopies For 2 Persons,Coleman,eBay AU,,,,,
coleman-coleman-hiking-camping-travelling-sleeping-tent-canopies-for-2-persons-10,Coleman Hiking Camping Travelling Sleeping Tent Canopies For 2 Persons,Coleman,Amazon AU,,,,,
coleman-coleman-hiking-camping-travelling-sleeping-tent-canopies-for-2-persons-10,Coleman Hiking Camping Travelling Sleeping Tent Canopies For 2 Persons,Coleman,BCF,,,,,2026-08-19T16:46:32Z
coleman-coleman-hiking-camping-travelling-sleeping-tent-canopies-for-2-persons-10,Coleman Hiking Camping Travelling Sleeping Tent Canopies For 2 Persons,Coleman,Anaconda,,,,,2026-08-10T21:57:31Z
coleman-coleman-hiking-camping-travelling-sleeping-tent-canopies-for-2-persons-10,Coleman Hiking Camping Travelling Sleeping Tent Canopies For 2 Persons,Coleman,Snowys,,,,,2026-08-19T15:49:09Z
coleman-coleman-hiking-camping-travelling-sleeping-tent-canopies-for-2-persons-10,Coleman Hiking Camping Travelling Sleeping Tent Canopies For 2 Persons,Coleman,Tentworld,,,,,2026-08-19T19:19:25Z
coleman-coleman-hiking-camping-travelling-sleeping-tent-canopies-for-2-persons-10,Coleman Hiking Camping Travelling Sleeping Tent Canopies For 2 Persons,Coleman,Wild Earth,,,,,2026-08-19T21:01:17Z
vango-vango-beta-550xl-5-person-camping-tent-moroccan-blue-vte-bet550xl-s-13,Vango Beta 550XL 5 Person Camping Tent - Moroccan Blue (VTE-BET550XL-S),Vango,eBay AU,,,,,
vango-vango-beta-550xl-5-person-camping-tent-moroccan-blue-vte-bet550xl-s-13,Vango Beta 550XL 5 Person Camping Tent - Moroccan Blue (VTE-BET550XL-S),Vango,Amazon AU,,,,,
vango-vango-beta-550xl-5-person-camping-tent-moroccan-blue-vte-bet550xl-s-13,Vango Beta 550XL 5 Person Camping Tent - Moroccan Blue (VTE-BET550XL-S),Vango,BCF,,,,,2026-08-19T16:46:32Z
vango-vango-beta-550xl-5-person-camping-tent-moroccan-blue-vte-bet550xl-s-13,Vango Beta 550XL 5 Person Camping Tent - Moroccan Blue (VTE-BET550XL-S),Vango,Anaconda,,,,,2026-08-10T21:57:31Z
vango-vango-beta-550xl-5-person-camping-tent-moroccan-blue-vte-bet550xl-s-13,Vango Beta 550XL 5 Person Camping Tent - Moroccan Blue (VTE-BET550XL-S),Vango,Snowys,,,,,2026-08-19T15:49:09Z
vango-vango-beta-550xl-5-person-camping-tent-moroccan-blue-vte-bet550xl-s-13,Vango Beta 550XL 5 Person Camping Tent - Moroccan Blue (VTE-BET550XL-S),Vango,Tentworld,,,,,2026-08-19T19:19:25Z
vango-vango-beta-550xl-5-person-camping-tent-moroccan-blue-vte-bet550xl-s-13,Vango Beta 550XL 5 Person Camping Tent - Moroccan Blue (VTE-BET550XL-S),Vango,Wild Earth,,,,,2026-08-19T21:01:17Z
coleman-coleman-3-person-swagger-instant-camping-tent-dark-room-water-resistant,Coleman 3 Person Swagger Instant Camping Tent Dark Room Water Resistant,Coleman,eBay AU,,,,,
coleman-coleman-3-person-swagger-instant-camping-tent-dark-room-water-resistant,Coleman 3 Person Swagger Instant Camping Tent Dark Room Water Resistant,Coleman,Amazon AU,,,,,
coleman-coleman-3-person-swagger-instant-camping-tent-dark-room-water-resistant,Coleman 3 Person Swagger Instant Camping Tent Dark Room Water Resistant,Coleman,BCF,,,,,2026-08-19T16:46:32Z
coleman-coleman-3-person-swagger-instant-camping-tent-dark-room-water-resistant,Coleman 3 Person Swagger Instant Camping Tent Dark Room Water Resistant,Coleman,Anaconda,,,,,2026-08-10T21:57:31Z
coleman-coleman-3-person-swagger-instant-camping-tent-dark-room-water-resistant,Coleman 3 Person Swagger Instant Camping Tent Dark Room Water Resistant,Coleman,Snowys,,,,,2026-08-19T15:49:09Z
coleman-coleman-3-person-swagger-instant-camping-tent-dark-room-water-resistant,Coleman 3 Person Swagger Instant Camping Tent Dark Room Water Resistant,Coleman,Tentworld,,,,,2026-08-19T19:19:25Z
coleman-coleman-3-person-swagger-instant-camping-tent-dark-room-water-resistant,Coleman 3 Person Swagger Instant Camping Tent Dark Room Water Resistant,Coleman,Wild Earth,,,,,2026-08-19T21:01:17Z
coleman-coleman-lighted-darkroom-4-person-camping-tent-northstar-instant-up-380x240cm-2,Coleman Lighted Darkroom 4-Person Camping Tent Northstar Instant-Up 380x240cm,Coleman,eBay AU,,,,,
coleman-coleman-lighted-darkroom-4-person-camping-tent-northstar-instant-up-380x240cm-2,Coleman Lighted Darkroom 4-Person Camping Tent Northstar Instant-Up 380x240cm,Coleman,Amazon AU,,,,,
coleman-coleman-lighted-darkroom-4-person-camping-tent-northstar-instant-up-380x240cm-2,Coleman Lighted Darkroom 4-Person Camping Tent Northstar Instant-Up 380x240cm,Coleman,BCF,,,,,2026-08-19T16:46:32Z
coleman-coleman-lighted-darkroom-4-person-camping-tent-northstar-instant-up-380x240cm-2,Coleman Lighted Darkroom 4-Person Camping Tent Northstar Instant-Up 380x240cm,Coleman,Anaconda,,,,,2026-08-10T21:57:31Z
coleman-coleman-lighted-darkroom-4-person-camping-tent-northstar-instant-up-380x240cm-2,Coleman Lighted Darkroom 4-Person Camping Tent Northstar Instant-Up 380x240cm,Coleman,Snowys,,,,,2026-08-19T15:49:09Z
coleman-coleman-lighted-darkroom-4-person-camping-tent-northstar-instant-up-380x240cm-2,Coleman Lighted Darkroom 4-Person Camping Tent Northstar Instant-Up 380x240cm,Coleman,Tentworld,,,,,2026-08-19T19:19:25Z
coleman-coleman-lighted-darkroom-4-person-camping-tent-northstar-instant-up-380x240cm-2,Coleman Lighted Darkroom 4-Person Camping Tent Northstar Instant-Up 380x240cm,Coleman,Wild Earth,,,,,2026-08-19T21:01:17Z
coleman-camping-tent-instant-up-silver-series-weathertec-system-for-waterproof-and-win-10,"Camping Tent, Instant up Silver Series, Weathertec System for Waterproof and Win",Coleman,eBay AU,,,,,
coleman-camping-tent-instant-up-silver-series-weathertec-system-for-waterproof-and-win-10,"Camping Tent, Instant up Silver Series, Weathertec System for Waterproof and Win",Coleman,Amazon AU,,,,,
coleman-camping-tent-instant-up-silver-series-weathertec-system-for-waterproof-and-win-10,"Camping Tent, Instant up Silver Series, Weathertec System for Waterproof and Win",Coleman,BCF,,,,,2026-08-19T16:46:32Z
coleman-camping-tent-instant-up-silver-series-weathertec-system-for-waterproof-and-win-10,"Camping Tent, Instant up Silver Series, Weathertec System for Waterproof and Win",Coleman,Anaconda,,,,,2026-08-10T21:57:31Z
coleman-camping-tent-instant-up-silver-series-weathertec-system-for-waterproof-and-win-10,"Camping Tent, Instant up Silver Series, Weathertec System for Waterproof and Win",Coleman,Snowys,,,,,2026-08-19T15:49:09Z
coleman-camping-tent-instant-up-silver-series-weathertec-system-for-waterproof-and-win-10,"Camping Tent, Instant up Silver Series, Weathertec System for Waterproof and Win",Coleman,Tentworld,,,,,2026-08-19T19:19:25Z
coleman-camping-tent-instant-up-silver-series-weathertec-system-for-waterproof-and-win-10,"Camping Tent, Instant up Silver Series, Weathertec System for Waterproof and Win",Coleman,Wild Earth,,,,,2026-08-19T21:01:17Z
coleman-coleman-2126164-silver-evo-series-6-person-instant-up-camping-tent-full-fly-6p-4,Coleman 2126164 Silver Evo Series 6 Person Instant Up Camping Tent Full Fly 6P,Coleman,eBay AU,,,,,
coleman-coleman-2126164-silver-evo-series-6-person-instant-up-camping-tent-full-fly-6p-4,Coleman 2126164 Silver Evo Series 6 Person Instant Up Camping Tent Full Fly 6P,Coleman,Amazon AU,,,,,
coleman-coleman-2126164-silver-evo-series-6-person-instant-up-camping-tent-full-fly-6p-4,Coleman 2126164 Silver Evo Series 6 Person Instant Up Camping Tent Full Fly 6P,Coleman,BCF,,,,,2026-08-19T16:46:32Z
coleman-coleman-2126164-silver-evo-series-6-person-instant-up-camping-tent-full-fly-6p-4,Coleman 2126164 Silver Evo Series 6 Person Instant Up Camping Tent Full Fly 6P,Coleman,Anaconda,,,,,2026-08-10T21:57:31Z
coleman-coleman-2126164-silver-evo-series-6-person-instant-up-camping-tent-full-fly-6p-4,Coleman 2126164 Silver Evo Series 6 Person Instant Up Camping Tent Full Fly 6P,Coleman,Snowys,,,,,2026-08-19T15:49:09Z
coleman-coleman-2126164-silver-evo-series-6-person-instant-up-camping-tent-full-fly-6p-4,Coleman 2126164 Silver Evo Series 6 Person Instant Up Camping Tent Full Fly 6P,Coleman,Tentworld,,,,,2026-08-19T19:19:25Z
coleman-coleman-2126164-silver-evo-series-6-person-instant-up-camping-tent-full-fly-6p-4,Coleman 2126164 Silver Evo Series 6 Person Instant Up Camping Tent Full Fly 6P,Coleman,Wild Earth,,,,,2026-08-19T21:01:17Z
coleman-camping-tent-instant-up-silver-series-weathertec-system-for-waterproof-and-win-13,"Camping Tent, Instant up Silver Series, Weathertec System for Waterproof and Win",Coleman,eBay AU,,,,,
coleman-camping-tent-instant-up-silver-series-weathertec-system-for-waterproof-and-win-13,"Camping Tent, Instant up Silver Series, Weathertec System for Waterproof and Win",Coleman,Amazon AU,,,,,
coleman-camping-tent-instant-up-silver-series-weathertec-system-for-waterproof-and-win-13,"Camping Tent, Instant up Silver Series, Weathertec System for Waterproof and Win",Coleman,BCF,,,,,2026-08-19T16:46:32Z
coleman-camping-tent-instant-up-silver-series-weathertec-system-for-waterproof-and-win-13,"Camping Tent, Instant up Silver Series, Weathertec System for Waterproof and Win",Coleman,Anaconda,,,,,2026-08-10T21:57:31Z
coleman-camping-tent-instant-up-silver-series-weathertec-system-for-waterproof-and-win-13,"Camping Tent, Instant up Silver Series, Weathertec System for Waterproof and Win",Coleman,Snowys,,,,,2026-08-19T15:49:09Z
coleman-camping-tent-instant-up-silver-series-weathertec-system-for-waterproof-and-win-13,"Camping Tent, Instant up Silver Series, Weathertec System for Waterproof and Win",Coleman,Tentworld,,,,,2026-08-19T19:19:25Z
coleman-camping-tent-instant-up-silver-series-weathertec-system-for-waterproof-and-win-13,"Camping Tent, Instant up Silver Series, Weathertec System for Waterproof and Win",Coleman,Wild Earth,,,,,2026-08-19T21:01:17Z
coleman-coleman-21x116cm-instant-outdoor-camping-shower-tent-ensuite-single-pop-up-5,Coleman 21x116cm Instant Outdoor Camping Shower Tent Ensuite Single Pop-Up,Coleman,eBay AU,,,,,
coleman-coleman-21x116cm-instant-outdoor-camping-shower-tent-ensuite-single-pop-up-5,Coleman 21x116cm Instant Outdoor Camping Shower Tent Ensuite Single Pop-Up,Coleman,Amazon AU,,,,,
coleman-coleman-21x116cm-instant-outdoor-camping-shower-tent-ensuite-single-pop-up-5,Coleman 21x116cm Instant Outdoor Camping Shower Tent Ensuite Single Pop-Up,Coleman,BCF,,,,,2026-08-19T16:46:32Z
coleman-coleman-21x116cm-instant-outdoor-camping-shower-tent-ensuite-single-pop-up-5,Coleman 21x116cm Instant Outdoor Camping Shower Tent Ensuite Single Pop-Up,Coleman,Anaconda,,,,,2026-08-10T21:57:31Z
coleman-coleman-21x116cm-instant-outdoor-camping-shower-tent-ensuite-single-pop-up-5,Coleman 21x116cm Instant Outdoor Camping Shower Tent Ensuite Single Pop-Up,Coleman,Snowys,,,,,2026-08-19T15:49:09Z
coleman-coleman-21x116cm-instant-outdoor-camping-shower-tent-ensuite-single-pop-up-5,Coleman 21x116cm Instant Outdoor Camping Shower Tent Ensuite Single Pop-Up,Coleman,Tentworld,,,,,2026-08-19T19:19:25Z
coleman-coleman-21x116cm-instant-outdoor-camping-shower-tent-ensuite-single-pop-up-5,Coleman 21x116cm Instant Outdoor Camping Shower Tent Ensuite Single Pop-Up,Coleman,Wild Earth,,,,,2026-08-19T21:01:17Z
oztrail-oztrail-gazebo-2-zip-door-wall-side-attachment-camping-outdoors-tent-canopy-new-7,OZtrail Gazebo 2 Zip Door Wall Side Attachment Camping Outdoors TENT Canopy,OZtrail,eBay AU,,,,,
oztrail-oztrail-gazebo-2-zip-door-wall-side-attachment-camping-outdoors-tent-canopy-new-7,OZtrail Gazebo 2 Zip Door Wall Side Attachment Camping Outdoors TENT Canopy,OZtrail,Amazon AU,,,,,
oztrail-oztrail-gazebo-2-zip-door-wall-side-attachment-camping-outdoors-tent-canopy-new-7,OZtrail Gazebo 2 Zip Door Wall Side Attachment Camping Outdoors TENT Canopy,OZtrail,BCF,,,,,2026-08-19T16:46:32Z
oztrail-oztrail-gazebo-2-zip-door-wall-side-attachment-camping-outdoors-tent-canopy-new-7,OZtrail Gazebo 2 Zip Door Wall Side Attachment Camping Outdoors TENT Canopy,OZtrail,Anaconda,,,,,2026-08-10T21:57:31Z
oztrail-oztrail-gazebo-2-zip-door-wall-side-attachment-camping-outdoors-tent-canopy-new-7,OZtrail Gazebo 2 Zip Door Wall Side Attachment Camping Outdoors TENT Canopy,OZtrail,Snowys,,,,,2026-08-19T15:49:09Z
oztrail-oztrail-gazebo-2-zip-door-wall-side-attachment-camping-outdoors-tent-canopy-new-7,OZtrail Gazebo 2 Zip Door Wall Side Attachment Camping Outdoors TENT Canopy,OZtrail,Tentworld,,,,,2026-08-19T19:19:25Z
oztrail-oztrail-gazebo-2-zip-door-wall-side-attachment-camping-outdoors-tent-canopy-new-7,OZtrail Gazebo 2 Zip Door Wall Side Attachment Camping Outdoors TENT Canopy,OZtrail,Wild Earth,,,,,2026-08-19T21:01:17Z
darche-darche-roof-top-tent-fitted-sheet-1800-h-s-rtt-fitted-sheet-1-8m-11,Darche ROOF TOP TENT FITTED SHEET 1800 H/S RTT FITTED SHEET 1.8M,Darche,eBay AU,,,,,
darche-darche-roof-top-tent-fitted-sheet-1800-h-s-rtt-fitted-sheet-1-8m-11,Darche ROOF TOP TENT FITTED SHEET 1800 H/S RTT FITTED SHEET 1.8M,Darche,Amazon AU,,,,,
darche-darche-roof-top-tent-fitted-sheet-1800-h-s-rtt-fitted-sheet-1-8m-11,Darche ROOF TOP TENT FITTED SHEET 1800 H/S RTT FITTED SHEET 1.8M,Darche,BCF,,,,,2026-08-19T16:46:32Z
darche-darche-roof-top-tent-fitted-sheet-1800-h-s-rtt-fitted-sheet-1-8m-11,Darche ROOF TOP TENT FITTED SHEET 1800 H/S RTT FITTED SHEET 1.8M,Darche,Anaconda,,,,,2026-08-10T21:57:31Z
darche-darche-roof-top-tent-fitted-sheet-1800-h-s-rtt-fitted-sheet-1-8m-11,Darche ROOF TOP TENT FITTED SHEET 1800 H/S RTT FITTED SHEET 1.8M,Darche,Snowys,,,,,2026-08-19T15:49:09Z
darche-darche-roof-top-tent-fitted-sheet-1800-h-s-rtt-fitted-sheet-1-8m-11,Darche ROOF TOP TENT FITTED SHEET 1800 H/S RTT FITTED SHEET 1.8M,Darche,Tentworld,,,,,2026-08-19T19:19:25Z
darche-darche-roof-top-tent-fitted-sheet-1800-h-s-rtt-fitted-sheet-1-8m-11,Darche ROOF TOP TENT FITTED SHEET 1800 H/S RTT FITTED SHEET 1.8M,Darche,Wild Earth,,,,,2026-08-19T21:01:17Z
vango-vango-soul-200-2-person-camping-hiking-tent-treetops-vte-so200-r,Vango Soul 200 2 Person Tent - Treetops (VTE-SO200-R),Vango,eBay AU,,,,,
vango-vango-soul-200-2-person-camping-hiking-tent-treetops-vte-so200-r,Vango Soul 200 2 Person Tent - Treetops (VTE-SO200-R),Vango,Amazon AU,,,,,
vango-vango-soul-200-2-person-camping-hiking-tent-treetops-vte-so200-r,Vango Soul 200 2 Person Tent - Treetops (VTE-SO200-R),Vango,BCF,,,,,2026-08-19T16:46:32Z
vango-vango-soul-200-2-person-camping-hiking-tent-treetops-vte-so200-r,Vango Soul 200 2 Person Tent - Treetops (VTE-SO200-R),Vango,Anaconda,,,,,2026-08-10T21:57:31Z
vango-vango-soul-200-2-person-camping-hiking-tent-treetops-vte-so200-r,Vango Soul 200 2 Person Tent - Treetops (VTE-SO200-R),Vango,Snowys,,,,,2026-08-19T15:49:09Z
vango-vango-soul-200-2-person-camping-hiking-tent-treetops-vte-so200-r,Vango Soul 200 2 Person Tent - Treetops (VTE-SO200-R),Vango,Tentworld,,,,,2026-08-19T19:19:25Z
vango-vango-soul-200-2-person-camping-hiking-tent-treetops-vte-so200-r,Vango Soul 200 2 Person Tent - Treetops (VTE-SO200-R),Vango,Wild Earth,,,,,2026-08-19T21:01:17Z
vango-vango-scafell-200-2-person-camping-hiking-tent-pamir-vte-sc200-t-3,Vango Scafell 200 2 Person Tent - Pamir (VTE-SC200-T),Vango,eBay AU,,,,,
vango-vango-scafell-200-2-person-camping-hiking-tent-pamir-vte-sc200-t-3,Vango Scafell 200 2 Person Tent - Pamir (VTE-SC200-T),Vango,Amazon AU,,,,,
vango-vango-scafell-200-2-person-camping-hiking-tent-pamir-vte-sc200-t-3,Vango Scafell 200 2 Person Tent - Pamir (VTE-SC200-T),Vango,BCF,,,,,2026-08-19T16:46:32Z
vango-vango-scafell-200-2-person-camping-hiking-tent-pamir-vte-sc200-t-3,Vango Scafell 200 2 Person Tent - Pamir (VTE-SC200-T),Vango,Anaconda,,,,,2026-08-10T21:57:31Z
vango-vango-scafell-200-2-person-camping-hiking-tent-pamir-vte-sc200-t-3,Vango Scafell 200 2 Person Tent - Pamir (VTE-SC200-T),Vango,Snowys,,,,,2026-08-19T15:49:09Z
vango-vango-scafell-200-2-person-camping-hiking-tent-pamir-vte-sc200-t-3,Vango Scafell 200 2 Person Tent - Pamir (VTE-SC200-T),Vango,Tentworld,,,,,2026-08-19T19:19:25Z
vango-vango-scafell-200-2-person-camping-hiking-tent-pamir-vte-sc200-t-3,Vango Scafell 200 2 Person Tent - Pamir (VTE-SC200-T),Vango,Wild Earth,,,,,2026-08-19T21:01:17Z
vango-vango-karoo-300-3-person-camping-hiking-tent-moroccan-blue-vte-ka300-q-4,Vango Karoo 300 3 Person Tent - Moroccan Blue (VTE-KA300-Q),Vango,eBay AU,,,,,
vango-vango-karoo-300-3-person-camping-hiking-tent-moroccan-blue-vte-ka300-q-4,Vango Karoo 300 3 Person Tent - Moroccan Blue (VTE-KA300-Q),Vango,Amazon AU,,,,,
vango-vango-karoo-300-3-person-camping-hiking-tent-moroccan-blue-vte-ka300-q-4,Vango Karoo 300 3 Person Tent - Moroccan Blue (VTE-KA300-Q),Vango,BCF,,,,,2026-08-19T16:46:32Z
vango-vango-karoo-300-3-person-camping-hiking-tent-moroccan-blue-vte-ka300-q-4,Vango Karoo 300 3 Person Tent - Moroccan Blue (VTE-KA300-Q),Vango,Anaconda,,,,,2026-08-10T21:57:31Z
vango-vango-karoo-300-3-person-camping-hiking-tent-moroccan-blue-vte-ka300-q-4,Vango Karoo 300 3 Person Tent - Moroccan Blue (VTE-KA300-Q),Vango,Snowys,,,,,2026-08-19T15:49:09Z
vango-vango-karoo-300-3-person-camping-hiking-tent-moroccan-blue-vte-ka300-q-4,Vango Karoo 300 3 Person Tent - Moroccan Blue (VTE-KA300-Q),Vango,Tentworld,,,,,2026-08-19T19:19:25Z
vango-vango-karoo-300-3-person-camping-hiking-tent-moroccan-blue-vte-ka300-q-4,Vango Karoo 300 3 Person Tent - Moroccan Blue (VTE-KA300-Q),Vango,Wild Earth,,,,,2026-08-19T21:01:17Z
vango-vango-iris-600-6-person-camping-hiking-tent-herbal-vte-ir600-kk-4,Vango Iris 600 6 Person Tent - Herbal (VTE-IR600-KK),Vango,eBay AU,,,,,
vango-vango-iris-600-6-person-camping-hiking-tent-herbal-vte-ir600-kk-4,Vango Iris 600 6 Person Tent - Herbal (VTE-IR600-KK),Vango,Amazon AU,,,,,
vango-vango-iris-600-6-person-camping-hiking-tent-herbal-vte-ir600-kk-4,Vango Iris 600 6 Person Tent - Herbal (VTE-IR600-KK),Vango,BCF,,,,,2026-08-19T16:46:32Z
vango-vango-iris-600-6-person-camping-hiking-tent-herbal-vte-ir600-kk-4,Vango Iris 600 6 Person Tent - Herbal (VTE-IR600-KK),Vango,Anaconda,,,,,2026-08-10T21:57:31Z
vango-vango-iris-600-6-person-camping-hiking-tent-herbal-vte-ir600-kk-4,Vango Iris 600 6 Person Tent - Herbal (VTE-IR600-KK),Vango,Snowys,,,,,2026-08-19T15:49:09Z
vango-vango-iris-600-6-person-camping-hiking-tent-herbal-vte-ir600-kk-4,Vango Iris 600 6 Person Tent - Herbal (VTE-IR600-KK),Vango,Tentworld,,,,,2026-08-19T19:19:25Z
vango-vango-iris-600-6-person-camping-hiking-tent-herbal-vte-ir600-kk-4,Vango Iris 600 6 Person Tent - Herbal (VTE-IR600-KK),Vango,Wild Earth,,,,,2026-08-19T21:01:17Z
vango-vango-tay-200-2-person-camping-hiking-tent-deep-blue-vte-tay200-v-5,Vango Tay 200 2 Person Tent - Deep Blue (VTE-TAY200-V),Vango,eBay AU,,,,,
vango-vango-tay-200-2-person-camping-hiking-tent-deep-blue-vte-tay200-v-5,Vango Tay 200 2 Person Tent - Deep Blue (VTE-TAY200-V),Vango,Amazon AU,,,,,
vango-vango-tay-200-2-person-camping-hiking-tent-deep-blue-vte-tay200-v-5,Vango Tay 200 2 Person Tent - Deep Blue (VTE-TAY200-V),Vango,BCF,,,,,2026-08-19T16:46:32Z
vango-vango-tay-200-2-person-camping-hiking-tent-deep-blue-vte-tay200-v-5,Vango Tay 200 2 Person Tent - Deep Blue (VTE-TAY200-V),Vango,Anaconda,,,,,2026-08-10T21:57:31Z
vango-vango-tay-200-2-person-camping-hiking-tent-deep-blue-vte-tay200-v-5,Vango Tay 200 2 Person Tent - Deep Blue (VTE-TAY200-V),Vango,Snowys,,,,,2026-08-19T15:49:09Z
vango-vango-tay-200-2-person-camping-hiking-tent-deep-blue-vte-tay200-v-5,Vango Tay 200 2 Person Tent - Deep Blue (VTE-TAY200-V),Vango,Tentworld,,,,,2026-08-19T19:19:25Z
vango-vango-tay-200-2-person-camping-hiking-tent-deep-blue-vte-tay200-v-5,Vango Tay 200 2 Person Tent - Deep Blue (VTE-TAY200-V),Vango,Wild Earth,,,,,2026-08-19T21:01:17Z
oztrail-oztrail-ensuite-225cm-privacy-shower-dressing-toilet-outdoor-camping-duo-tent-20,OZtrail Ensuite 225cm Privacy Shower Dressing Toilet Outdoor Camping Duo Tent,OZtrail,eBay AU,,,,,
oztrail-oztrail-ensuite-225cm-privacy-shower-dressing-toilet-outdoor-camping-duo-tent-20,OZtrail Ensuite 225cm Privacy Shower Dressing Toilet Outdoor Camping Duo Tent,OZtrail,Amazon AU,,,,,
oztrail-oztrail-ensuite-225cm-privacy-shower-dressing-toilet-outdoor-camping-duo-tent-20,OZtrail Ensuite 225cm Privacy Shower Dressing Toilet Outdoor Camping Duo Tent,OZtrail,BCF,,,,,2026-08-19T16:46:32Z
oztrail-oztrail-ensuite-225cm-privacy-shower-dressing-toilet-outdoor-camping-duo-tent-20,OZtrail Ensuite 225cm Privacy Shower Dressing Toilet Outdoor Camping Duo Tent,OZtrail,Anaconda,,,,,2026-08-11T22:05:13Z
oztrail-oztrail-ensuite-225cm-privacy-shower-dressing-toilet-outdoor-camping-duo-tent-20,OZtrail Ensuite 225cm Privacy Shower Dressing Toilet Outdoor Camping Duo Tent,OZtrail,Snowys,,,,,2026-08-19T15:49:09Z
oztrail-oztrail-ensuite-225cm-privacy-shower-dressing-toilet-outdoor-camping-duo-tent-20,OZtrail Ensuite 225cm Privacy Shower Dressing Toilet Outdoor Camping Duo Tent,OZtrail,Tentworld,,,,,2026-08-19T19:19:25Z
oztrail-oztrail-ensuite-225cm-privacy-shower-dressing-toilet-outdoor-camping-duo-tent-20,OZtrail Ensuite 225cm Privacy Shower Dressing Toilet Outdoor Camping Duo Tent,OZtrail,Wild Earth,,,,,2026-08-19T21:01:17Z
black-wolf-black-wolf-cicada-hiking-tent,Black Wolf Cicada Hiking Tent,Black Wolf,eBay AU,,,,,
black-wolf-black-wolf-cicada-hiking-tent,Black Wolf Cicada Hiking Tent,Black Wolf,Amazon AU,,,,,
black-wolf-black-wolf-cicada-hiking-tent,Black Wolf Cicada Hiking Tent,Black Wolf,BCF,,,,,2026-08-19T16:46:32Z
black-wolf-black-wolf-cicada-hiking-tent,Black Wolf Cicada Hiking Tent,Black Wolf,Anaconda,,,,,2026-08-11T22:05:13Z
black-wolf-black-wolf-cicada-hiking-tent,Black Wolf Cicada Hiking Tent,Black Wolf,Snowys,,,,,2026-08-19T15:49:09Z
black-wolf-black-wolf-cicada-hiking-tent,Black Wolf Cicada Hiking Tent,Black Wolf,Tentworld,,,,,2026-08-19T19:19:25Z
black-wolf-black-wolf-cicada-hiking-tent,Black Wolf Cicada Hiking Tent,Black Wolf,Wild Earth,,,,,2026-08-19T21:01:17Z
darche-darche-hi-view-panorama-1600-annex-2-1m-drop-rooftop-tent-extension-4wd,Darche Hi View Panorama 1600 Annex 2.1m Drop Rooftop Tent Extension 4WD,Darche,eBay AU,,,,,
darche-darche-hi-view-panorama-1600-annex-2-1m-drop-rooftop-tent-extension-4wd,Darche Hi View Panorama 1600 Annex 2.1m Drop Rooftop Tent Extension 4WD,Darche,Amazon AU,,,,,
darche-darche-hi-view-panorama-1600-annex-2-1m-drop-rooftop-tent-extension-4wd,Darche Hi View Panorama 1600 Annex 2.1m Drop Rooftop Tent Extension 4WD,Darche,BCF,,,,,2026-08-19T16:46:32Z
darche-darche-hi-view-panorama-1600-annex-2-1m-drop-rooftop-tent-extension-4wd,Darche Hi View Panorama 1600 Annex 2.1m Drop Rooftop Tent Extension 4WD,Darche,Anaconda,,,,,2026-08-11T22:05:13Z
darche-darche-hi-view-panorama-1600-annex-2-1m-drop-rooftop-tent-extension-4wd,Darche Hi View Panorama 1600 Annex 2.1m Drop Rooftop Tent Extension 4WD,Darche,Snowys,,,,,2026-08-19T15:49:09Z
darche-darche-hi-view-panorama-1600-annex-2-1m-drop-rooftop-tent-extension-4wd,Darche Hi View Panorama 1600 Annex 2.1m Drop Rooftop Tent Extension 4WD,Darche,Tentworld,,,,,2026-08-19T19:19:25Z
darche-darche-hi-view-panorama-1600-annex-2-1m-drop-rooftop-tent-extension-4wd,Darche Hi View Panorama 1600 Annex 2.1m Drop Rooftop Tent Extension 4WD,Darche,Wild Earth,,,,,2026-08-19T21:01:17Z
vango-vango-apex-compact-300-3-person-tent-pamir-green-3,Vango Apex Compact 300 3 Person Tent - Pamir Green,Vango,eBay AU,,,,,
vango-vango-apex-compact-300-3-person-tent-pamir-green-3,Vango Apex Compact 300 3 Person Tent - Pamir Green,Vango,Amazon AU,,,,,
vango-vango-apex-compact-300-3-person-tent-pamir-green-3,Vango Apex Compact 300 3 Person Tent - Pamir Green,Vango,BCF,,,,,2026-08-19T16:46:32Z
vango-vango-apex-compact-300-3-person-tent-pamir-green-3,Vango Apex Compact 300 3 Person Tent - Pamir Green,Vango,Anaconda,,,,,2026-08-11T22:05:13Z
vango-vango-apex-compact-300-3-person-tent-pamir-green-3,Vango Apex Compact 300 3 Person Tent - Pamir Green,Vango,Snowys,,,,,2026-08-19T15:49:09Z
vango-vango-apex-compact-300-3-person-tent-pamir-green-3,Vango Apex Compact 300 3 Person Tent - Pamir Green,Vango,Tentworld,,,,,2026-08-19T19:19:25Z
vango-vango-apex-compact-300-3-person-tent-pamir-green-3,Vango Apex Compact 300 3 Person Tent - Pamir Green,Vango,Wild Earth,,,,,2026-08-19T21:01:17Z
vango-vango-mirage-pro-200-2-person-tent-pamir-vte-mir200-n-3,Vango Mirage Pro 200 2 Person Tent - Pamir (VTE-MIR200-N),Vango,eBay AU,,,,,
vango-vango-mirage-pro-200-2-person-tent-pamir-vte-mir200-n-3,Vango Mirage Pro 200 2 Person Tent - Pamir (VTE-MIR200-N),Vango,Amazon AU,,,,,
vango-vango-mirage-pro-200-2-person-tent-pamir-vte-mir200-n-3,Vango Mirage Pro 200 2 Person Tent - Pamir (VTE-MIR200-N),Vango,BCF,,,,,2026-08-19T16:46:32Z
vango-vango-mirage-pro-200-2-person-tent-pamir-vte-mir200-n-3,Vango Mirage Pro 200 2 Person Tent - Pamir (VTE-MIR200-N),Vango,Anaconda,,,,,2026-08-11T22:05:13Z
vango-vango-mirage-pro-200-2-person-tent-pamir-vte-mir200-n-3,Vango Mirage Pro 200 2 Person Tent - Pamir (VTE-MIR200-N),Vango,Snowys,,,,,2026-08-19T15:49:09Z
vango-vango-mirage-pro-200-2-person-tent-pamir-vte-mir200-n-3,Vango Mirage Pro 200 2 Person Tent - Pamir (VTE-MIR200-N),Vango,Tentworld,,,,,2026-08-19T19:19:25Z
vango-vango-mirage-pro-200-2-person-tent-pamir-vte-mir200-n-3,Vango Mirage Pro 200 2 Person Tent - Pamir (VTE-MIR200-N),Vango,Wild Earth,,,,,2026-08-19T21:01:17Z
coleman-coleman-skydome-4-person-camping-tent-blue-nights-weathertec-dome-tent-6,Coleman Skydome 4 Person Camping Tent Blue Nights WeatherTec Dome Tent,Coleman,eBay AU,,,,,
coleman-coleman-skydome-4-person-camping-tent-blue-nights-weathertec-dome-tent-6,Coleman Skydome 4 Person Camping Tent Blue Nights WeatherTec Dome Tent,Coleman,Amazon AU,,,,,
coleman-coleman-skydome-4-person-camping-tent-blue-nights-weathertec-dome-tent-6,Coleman Skydome 4 Person Camping Tent Blue Nights WeatherTec Dome Tent,Coleman,BCF,,,,,2026-08-19T16:46:32Z
coleman-coleman-skydome-4-person-camping-tent-blue-nights-weathertec-dome-tent-6,Coleman Skydome 4 Person Camping Tent Blue Nights WeatherTec Dome Tent,Coleman,Anaconda,,,,,2026-08-11T22:05:13Z
coleman-coleman-skydome-4-person-camping-tent-blue-nights-weathertec-dome-tent-6,Coleman Skydome 4 Person Camping Tent Blue Nights WeatherTec Dome Tent,Coleman,Snowys,,,,,2026-08-19T15:49:09Z
coleman-coleman-skydome-4-person-camping-tent-blue-nights-weathertec-dome-tent-6,Coleman Skydome 4 Person Camping Tent Blue Nights WeatherTec Dome Tent,Coleman,Tentworld,,,,,2026-08-19T19:19:25Z
coleman-coleman-skydome-4-person-camping-tent-blue-nights-weathertec-dome-tent-6,Coleman Skydome 4 Person Camping Tent Blue Nights WeatherTec Dome Tent,Coleman,Wild Earth,,,,,2026-08-19T21:01:17Z
vango-vango-alpha-300-3-person-tent-earth-series-moroccan-blue-2,Vango Alpha 300 3 Person Tent - Earth Series - Moroccan Blue,Vango,eBay AU,,,,,
vango-vango-alpha-300-3-person-tent-earth-series-moroccan-blue-2,Vango Alpha 300 3 Person Tent - Earth Series - Moroccan Blue,Vango,Amazon AU,,,,,
vango-vango-alpha-300-3-person-tent-earth-series-moroccan-blue-2,Vango Alpha 300 3 Person Tent - Earth Series - Moroccan Blue,Vango,BCF,,,,,2026-08-19T16:46:32Z
vango-vango-alpha-300-3-person-tent-earth-series-moroccan-blue-2,Vango Alpha 300 3 Person Tent - Earth Series - Moroccan Blue,Vango,Anaconda,,,,,2026-08-11T22:05:13Z
vango-vango-alpha-300-3-person-tent-earth-series-moroccan-blue-2,Vango Alpha 300 3 Person Tent - Earth Series - Moroccan Blue,Vango,Snowys,,,,,2026-08-19T15:49:09Z
vango-vango-alpha-300-3-person-tent-earth-series-moroccan-blue-2,Vango Alpha 300 3 Person Tent - Earth Series - Moroccan Blue,Vango,Tentworld,,,,,2026-08-19T19:19:25Z
vango-vango-alpha-300-3-person-tent-earth-series-moroccan-blue-2,Vango Alpha 300 3 Person Tent - Earth Series - Moroccan Blue,Vango,Wild Earth,,,,,2026-08-19T21:01:17Z
coleman-coleman-tent-instant-shower-ensuite-double-camping-accessories-equipment-5,Coleman Tent Instant Shower Ensuite Double Camping Accessories/Equipment,Coleman,eBay AU,,,,,
coleman-coleman-tent-instant-shower-ensuite-double-camping-accessories-equipment-5,Coleman Tent Instant Shower Ensuite Double Camping Accessories/Equipment,Coleman,Amazon AU,,,,,
coleman-coleman-tent-instant-shower-ensuite-double-camping-accessories-equipment-5,Coleman Tent Instant Shower Ensuite Double Camping Accessories/Equipment,Coleman,BCF,,,,,2026-08-19T16:46:32Z
coleman-coleman-tent-instant-shower-ensuite-double-camping-accessories-equipment-5,Coleman Tent Instant Shower Ensuite Double Camping Accessories/Equipment,Coleman,Anaconda,,,,,
coleman-coleman-tent-instant-shower-ensuite-double-camping-accessories-equipment-5,Coleman Tent Instant Shower Ensuite Double Camping Accessories/Equipment,Coleman,Snowys,,,,,2026-08-19T15:49:09Z
coleman-coleman-tent-instant-shower-ensuite-double-camping-accessories-equipment-5,Coleman Tent Instant Shower Ensuite Double Camping Accessories/Equipment,Coleman,Tentworld,,,,,2026-08-19T19:19:25Z
coleman-coleman-tent-instant-shower-ensuite-double-camping-accessories-equipment-5,Coleman Tent Instant Shower Ensuite Double Camping Accessories/Equipment,Coleman,Wild Earth,,,,,2026-08-19T21:01:17Z
